timestamp,expiry,spot,strike,call_price,ce_price_chg_pct,call_delta,ce_delta_chg_pct,call_gamma,ce_gamma_chg_pct,call_volume,ce_volume_chg_pct,call_iv,put_price,pe_price_chg_pct,put_delta,pe_delta_chg_pct,put_gamma,pe_gamma_chg_pct,put_volume,pe_volume_chg_pct,put_iv,ce_delta_spike,ce_gamma_spike,ce_volume_spike,ce_price_up,ce_price_down,pe_delta_spike,pe_gamma_spike,pe_volume_spike,pe_price_up,pe_price_down,any_spike
2026-06-15 08:58:19,2026-06-16,23622.9,23600.0,166.5,,0.53786,,0.00106,,0,,24.69859350302764,116.05,,-0.45783,,0.0012,,0,,21.748940799534484,False,True,False,False,False,False,False,False,False,False,True
2026-06-15 08:59:23,2026-06-16,23622.9,23600.0,166.5,0.0,0.53786,0.0,0.00106,0.0,0,,24.69859350302764,116.05,0.0,-0.45783,0.0,0.0012,0.0,0,,21.748940799534484,False,True,False,False,False,False,False,False,False,False,True
2026-06-15 09:00:27,2026-06-16,24118.25,24100.0,19.85,-88.08,0.11026,-79.5,0.0005,-52.83,0,,24.69023381883475,465.3,300.95,0.0,-100.0,0.0,-100.0,0,,0.0,True,True,False,False,True,True,True,False,True,False,True
2026-06-15 09:01:31,2026-06-16,24023.5,24000.0,31.45,58.44,0.16288,47.72,0.00067,34.0,0,,24.21142742371979,376.75,-19.03,-0.91864,-inf,0.00058,inf,0,,17.11119056277239,True,True,False,True,False,True,True,False,False,True,True
2026-06-15 09:02:34,2026-06-16,24032.9,24050.0,24.9,-20.83,0.13406,-17.69,0.00058,-13.43,0,,24.403200080624,417.5,10.82,-0.99354,8.15,0.00011,-81.03,0,,10.931941200824244,True,True,False,False,True,True,True,False,True,False,True
2026-06-15 09:03:38,2026-06-16,23996.55,24000.0,31.45,26.31,0.16288,21.5,0.00067,15.52,0,,24.211326721442838,376.75,-9.76,-0.91863,-7.54,0.00058,427.27,0,,17.11115387874371,True,True,False,True,False,True,True,False,False,True,True
2026-06-15 09:04:42,2026-06-16,23997.35,24000.0,31.45,0.0,0.16288,0.0,0.00067,0.0,0,,24.21142742371979,376.75,0.0,-0.91864,0.0,0.00058,0.0,0,,17.11119056277239,True,True,False,False,False,True,True,False,False,False,True
2026-06-15 09:05:46,2026-06-16,23972.1,23950.0,39.15,24.48,0.1954,19.97,0.00076,13.43,0,,23.950667293603768,334.7,-11.16,-0.87215,-5.06,0.00076,31.03,0,,18.15187716217901,True,True,False,True,False,True,True,False,False,True,True
2026-06-15 09:06:51,2026-06-16,23982.75,24000.0,31.45,-19.67,0.16288,-16.64,0.00067,-11.84,0,,24.211326721442838,376.75,12.56,-0.91863,5.33,0.00058,-23.68,0,,17.11115387874371,True,True,False,False,True,True,True,False,True,False,True
2026-06-15 09:07:54,2026-06-16,23984.85,24000.0,31.45,0.0,0.16288,0.0,0.00067,0.0,0,,24.211326721442838,376.75,0.0,-0.91863,0.0,0.00058,0.0,0,,17.11115387874371,True,True,False,False,False,True,True,False,False,False,True
2026-06-15 09:08:58,2026-06-16,23984.85,24000.0,31.45,0.0,0.16288,0.0,0.00067,0.0,0,,24.21142742371979,376.75,0.0,-0.91864,0.0,0.00058,0.0,0,,17.11119056277239,True,True,False,False,False,True,True,False,False,False,True
2026-06-15 09:10:02,2026-06-16,23984.85,24000.0,31.45,0.0,0.16288,0.0,0.00067,0.0,0,,24.211326721442838,376.75,0.0,-0.91863,-0.0,0.00058,0.0,0,,17.11115387874371,True,True,False,False,False,True,True,False,False,False,True
2026-06-15 09:11:06,2026-06-16,23984.85,24000.0,31.45,0.0,0.16288,0.0,0.00067,0.0,0,,24.21142742371979,376.75,0.0,-0.91864,0.0,0.00058,0.0,0,,17.11119056277239,True,True,False,False,False,True,True,False,False,False,True
2026-06-15 09:12:09,2026-06-16,23984.85,24000.0,31.45,0.0,0.16288,0.0,0.00067,0.0,0,,24.21142742371979,376.75,0.0,-0.91864,0.0,0.00058,0.0,0,,17.11119056277239,True,True,False,False,False,True,True,False,False,False,True
2026-06-15 09:13:12,2026-06-16,23984.85,24000.0,31.45,0.0,0.16288,0.0,0.00067,0.0,0,,24.211326721442838,376.75,0.0,-0.91863,-0.0,0.00058,0.0,0,,17.11115387874371,True,True,False,False,False,True,True,False,False,False,True
2026-06-15 09:14:15,2026-06-16,23984.85,24000.0,31.45,0.0,0.16288,0.0,0.00067,0.0,0,,24.211326721442838,376.75,0.0,-0.91863,0.0,0.00058,0.0,0,,17.11115387874371,True,True,False,False,False,True,True,False,False,False,True
2026-06-15 09:21:42,2026-06-16,23949.4,23950.0,93.7,197.93,0.51559,216.55,0.00177,164.18,14103245,inf,14.735012018988131,108.8,-71.12,-0.48671,-47.02,0.00141,143.1,16198065,inf,18.48579838530689,False,False,False,True,False,False,False,False,False,True,True
2026-06-15 09:22:45,2026-06-16,23954.55,23950.0,99.15,5.82,0.52731,2.27,0.00173,-2.26,15524795,10.08,15.043437254840756,103.9,-4.5,-0.47672,-2.05,0.00143,1.42,17653155,8.98,18.23107080528824,False,False,False,True,False,False,False,False,False,False,True
2026-06-15 09:23:48,2026-06-16,23958.2,23950.0,97.7,-1.46,0.5323,0.95,0.00178,2.89,16774290,8.05,14.59960454655146,105.45,1.49,-0.47447,-0.47,0.0014,-2.1,18708170,5.98,18.63860915988399,False,False,False,False,False,False,False,False,False,False,False
2026-06-15 09:24:51,2026-06-16,23957.65,23950.0,98.0,0.31,0.53396,0.31,0.00179,0.56,17799535,6.11,14.573983748862888,105.55,0.09,-0.47345,-0.21,0.00139,-0.71,19641765,4.99,18.721662599532586,False,False,False,False,False,False,False,False,False,False,False
2026-06-15 09:25:54,2026-06-16,23948.2,23950.0,91.1,-7.04,0.51563,-3.43,0.00182,1.68,19379685,8.88,14.33642447108613,112.15,6.25,-0.48718,2.9,0.00137,-1.44,21446100,9.19,19.04102687400546,False,False,False,False,True,False,False,False,True,False,True
2026-06-15 09:26:57,2026-06-16,23948.05,23950.0,93.35,2.47,0.51569,0.01,0.00178,-2.2,20416695,5.35,14.69347801200571,110.2,-1.74,-0.48678,-0.08,0.00139,1.46,23305165,8.67,18.74088423421955,False,False,False,False,False,False,False,False,False,False,False
2026-06-15 09:28:01,2026-06-16,23942.8,23950.0,90.8,-2.73,0.50634,-1.81,0.00178,0.0,21817900,6.86,14.71933527656915,113.0,2.54,-0.49356,1.39,0.00139,0.0,24898120,6.84,18.814595608412272,False,False,False,False,False,False,False,False,False,False,False
2026-06-15 09:29:04,2026-06-16,23942.25,23950.0,90.8,0.0,0.50678,0.09,0.00178,0.0,22734270,4.2,14.702538517196029,113.45,0.4,-0.49378,0.04,0.00139,0.0,25823655,3.72,18.88067541238112,False,False,False,False,False,False,False,False,False,False,False
2026-06-15 09:30:07,2026-06-16,23947.95,23950.0,92.25,1.6,0.51294,1.22,0.00178,0.0,23482095,3.29,14.655741189287872,111.1,-2.07,-0.48897,-0.97,0.00139,0.0,26667160,3.27,18.777251912219867,False,False,False,False,False,False,False,False,False,False,False
2026-06-15 09:31:10,2026-06-16,23949.95,23950.0,92.6,0.38,0.51716,0.82,0.0018,1.12,24331060,3.62,14.522409976749204,109.65,-1.31,-0.48575,-0.66,0.0014,0.72,27716650,3.94,18.727362974532628,False,False,False,False,False,False,False,False,False,False,False
2026-06-15 09:32:14,2026-06-16,23940.85,23950.0,90.35,-2.43,0.50214,-2.9,0.00176,-2.22,25131535,3.29,14.856432514206642,114.0,3.97,-0.49742,2.4,0.0014,0.0,28726685,3.64,18.77197985645422,False,False,False,False,False,False,False,False,False,False,False
2026-06-15 09:33:17,2026-06-16,23932.55,23950.0,87.6,-3.04,0.48815,-2.79,0.00174,-1.14,27074710,7.73,15.063946388220437,117.3,2.89,-0.50875,2.28,0.0014,0.0,31320315,9.03,18.65278924484052,False,False,False,False,False,False,False,False,False,False,False
2026-06-15 09:34:20,2026-06-16,23944.5,23950.0,92.9,6.05,0.5112,4.72,0.00176,1.15,28428920,5.0,14.85474676175939,109.55,-6.61,-0.49016,-3.65,0.00142,1.43,32815315,4.77,18.4664593027214,False,False,False,True,False,False,False,False,False,True,True
2026-06-15 09:35:23,2026-06-16,23939.65,23950.0,89.55,-3.61,0.50069,-2.06,0.00177,0.57,29780920,4.76,14.802981460558788,115.35,5.29,-0.49853,1.71,0.00138,-2.82,33881445,3.25,18.941479080047657,False,False,False,False,False,False,False,False,True,False,True
2026-06-15 09:36:27,2026-06-16,23941.2,23950.0,90.6,1.17,0.50413,0.69,0.00177,0.0,30599595,2.75,14.818533281773815,114.45,-0.78,-0.49583,-0.54,0.00138,0.0,34980920,3.25,18.957129895589222,False,False,False,False,False,False,False,False,False,False,False
2026-06-15 09:37:30,2026-06-16,23937.8,23950.0,89.1,-1.66,0.49743,-1.33,0.00176,-0.56,31674630,3.51,14.889018110183692,115.3,0.74,-0.50115,1.07,0.0014,1.45,36020920,2.97,18.789394611604347,False,False,False,False,False,False,False,False,False,False,False
2026-06-15 09:38:33,2026-06-16,23936.75,23950.0,88.7,-0.45,0.49575,-0.34,0.00176,0.0,32326125,2.06,14.904934572175176,116.05,0.65,-0.50239,0.25,0.00139,-0.71,36841285,2.28,18.842835223209068,False,False,False,False,False,False,False,False,False,False,False
2026-06-15 09:39:36,2026-06-16,23940.15,23950.0,90.15,1.63,0.50076,1.01,0.00176,0.0,32996665,2.07,14.9140411975848,114.35,-1.46,-0.49851,-0.77,0.0014,0.72,37658920,2.22,18.797952064266223,False,False,False,False,False,False,False,False,False,False,False
2026-06-15 09:40:39,2026-06-16,23946.85,23950.0,93.1,3.27,0.51386,2.62,0.00177,0.57,33829120,2.52,14.78553637960332,110.85,-3.06,-0.4882,-2.07,0.00139,-0.71,38546690,2.36,18.827066560383944,False,False,False,False,False,False,False,False,False,False,False
2026-06-15 09:41:43,2026-06-16,23947.6,23950.0,91.85,-1.34,0.51671,0.55,0.00181,2.26,34874450,3.09,14.460071182643585,112.15,1.17,-0.48634,-0.38,0.00137,-1.44,39280085,1.9,19.16235595469004,False,False,False,False,False,False,False,False,False,False,False
2026-06-15 09:42:46,2026-06-16,23953.9,23950.0,96.0,4.52,0.52538,1.68,0.00178,-1.66,37109020,6.41,14.71915247549883,106.1,-5.39,-0.479,-1.51,0.00141,2.92,41298855,5.14,18.566519162229408,False,False,False,False,False,False,False,False,False,True,True
2026-06-15 09:43:49,2026-06-16,23959.1,23950.0,97.65,1.72,0.53312,1.47,0.00179,0.56,38363845,3.38,14.624146757479028,104.7,-1.32,-0.47281,-1.29,0.0014,-0.71,42186300,2.15,18.69328989347908,False,False,False,False,False,False,False,False,False,False,False
2026-06-15 09:44:53,2026-06-16,23965.05,23950.0,101.55,3.99,0.54504,2.24,0.00178,-0.56,40022190,4.32,14.671492271157982,98.6,-5.83,-0.46422,-1.82,0.00144,2.86,43714905,3.62,18.11089795095792,False,False,False,False,False,False,False,False,False,True,True
2026-06-15 09:45:56,2026-06-16,23969.25,23950.0,104.2,2.61,0.55386,1.62,0.00177,-0.56,43680325,9.14,14.663975185112582,98.45,-0.15,-0.4565,-1.66,0.00141,-2.08,46038330,5.31,18.54791581703636,False,False,False,False,False,False,False,False,False,False,False
2026-06-15 09:46:59,2026-06-16,23975.35,24000.0,81.95,-21.35,0.47174,-14.83,0.00176,-0.56,91721500,109.98,14.876821833888954,124.85,26.82,-0.52102,14.13,0.00137,-2.84,51781015,12.47,19.13887185649053,False,False,False,False,True,False,False,False,True,False,True
2026-06-15 09:48:03,2026-06-16,23971.1,23950.0,102.65,25.26,0.55817,18.32,0.00182,3.41,47097700,-48.65,14.265790883286195,100.6,-19.42,-0.45528,-12.62,0.00137,0.0,48215700,-6.89,19.03447499265628,False,False,False,True,False,False,False,False,False,True,True
2026-06-15 09:49:06,2026-06-16,23976.55,24000.0,81.6,-20.51,0.47647,-14.64,0.0018,-1.1,97408285,106.82,14.592005206267144,125.3,24.55,-0.51655,13.46,0.00135,-1.46,54168465,12.35,19.478988491361456,False,False,False,False,True,False,False,False,True,False,True
2026-06-15 09:50:09,2026-06-16,23972.2,23950.0,104.5,28.06,0.55935,17.39,0.00179,-0.56,49108280,-49.59,14.479954345403664,99.1,-20.91,-0.45343,-12.22,0.00138,2.22,49930010,-7.82,18.87710159004963,False,False,False,True,False,False,False,False,False,True,True
2026-06-15 09:51:13,2026-06-16,23966.65,23950.0,100.15,-4.16,0.55348,-1.05,0.00184,2.79,50764740,3.37,14.12511025429936,102.5,3.43,-0.4594,1.32,0.00137,-0.72,51201020,2.55,19.146706704012228,False,False,False,False,False,False,False,False,False,False,False
2026-06-15 09:52:16,2026-06-16,23968.9,23950.0,102.5,2.35,0.55371,0.04,0.0018,-2.17,51586275,1.62,14.451539219121344,101.05,-1.41,-0.45815,-0.27,0.00138,0.73,52330460,2.21,18.959914564476648,False,False,False,False,False,False,False,False,False,False,False
2026-06-15 09:53:20,2026-06-16,23962.8,23950.0,99.8,-2.63,0.54281,-1.97,0.0018,0.0,52478075,1.73,14.544559639347494,104.2,3.12,-0.46552,1.61,0.00137,-0.72,53186575,1.64,19.088477669523904,False,False,False,False,False,False,False,False,False,False,False
2026-06-15 09:54:23,2026-06-16,23957.2,23950.0,96.55,-3.26,0.53005,-2.35,0.00179,-0.56,53697215,2.32,14.632491677416423,106.1,1.82,-0.47569,2.18,0.0014,2.19,54438800,2.35,18.815063676724407,False,False,False,False,False,False,False,False,False,False,False
2026-06-15 09:55:26,2026-06-16,23956.6,23950.0,96.8,0.26,0.53152,0.28,0.0018,0.56,54347735,1.21,14.60761786322605,105.5,-0.57,-0.47454,-0.24,0.0014,0.0,55251885,1.49,18.782963808201323,False,False,False,False,False,False,False,False,False,False,False
2026-06-15 09:56:30,2026-06-16,23952.45,23950.0,93.05,-3.87,0.52452,-1.32,0.00183,1.67,55470415,2.07,14.348846369145326,107.3,1.71,-0.48026,1.21,0.0014,0.0,56268615,1.84,18.76119879443812,False,False,False,False,False,False,False,False,False,False,False
2026-06-15 09:57:33,2026-06-16,23949.6,23950.0,93.55,0.54,0.51513,-1.79,0.00177,-3.28,56447495,1.76,14.857652754249235,106.55,-0.7,-0.4869,1.38,0.00144,2.86,57313555,1.86,18.248832787016514,False,False,False,False,False,False,False,False,False,False,False
2026-06-15 09:58:37,2026-06-16,23944.45,23950.0,89.65,-4.17,0.50868,-1.25,0.00181,2.26,57895565,2.57,14.529647868955765,110.35,3.57,-0.49231,1.11,0.00142,-1.39,58936280,2.83,18.582410761143656,False,False,False,False,False,False,False,False,False,False,False
2026-06-15 09:59:41,2026-06-16,23946.85,23950.0,92.95,3.68,0.51408,1.06,0.00178,-1.66,58923865,1.78,14.817721052769492,107.45,-2.63,-0.48783,-0.91,0.00143,0.7,60351980,2.4,18.35791955804989,False,False,False,False,False,False,False,False,False,False,False
2026-06-15 10:00:44,2026-06-16,23953.1,23950.0,93.9,1.02,0.52486,2.1,0.00182,2.25,60026070,1.87,14.479930346761591,106.55,-0.84,-0.47978,-1.65,0.00141,-1.4,61224735,1.45,18.67813941422408,False,False,False,False,False,False,False,False,False,False,False
2026-06-15 10:01:47,2026-06-16,23965.0,23950.0,102.5,9.16,0.54789,4.39,0.00177,-2.75,62655450,4.38,14.741016469694369,95.45,-10.42,-0.45974,-4.18,0.00147,4.26,63552905,3.8,17.8652264639769,False,False,False,True,False,False,False,False,False,True,True
2026-06-15 10:02:51,2026-06-16,23964.05,23950.0,99.2,-3.22,0.54673,-0.21,0.00183,3.39,64450815,2.87,14.318069700879452,100.7,5.5,-0.46311,0.73,0.00141,-4.08,64872665,2.08,18.63911404227192,False,False,False,False,False,False,False,False,True,False,True
2026-06-15 10:03:54,2026-06-16,23957.55,23950.0,96.2,-3.02,0.53154,-2.78,0.00181,-1.09,65733915,1.99,14.545118275076256,103.7,2.98,-0.47432,2.42,0.00142,0.71,66049230,1.81,18.51495288226364,False,False,False,False,False,False,False,False,False,False,False
2026-06-15 10:04:58,2026-06-16,23959.15,23950.0,96.6,0.42,0.53599,0.84,0.00182,0.55,66508975,1.18,14.41162484195752,103.25,-0.43,-0.4712,-0.66,0.00141,-0.7,66692405,0.97,18.62517735612908,False,False,False,False,False,False,False,False,False,False,False
2026-06-15 10:06:01,2026-06-16,23954.95,23950.0,94.2,-2.48,0.5335,-0.46,0.00186,2.2,67143440,0.95,14.163079994023628,106.0,2.66,-0.47391,0.58,0.00139,-1.42,67306005,0.92,18.956776784312336,False,False,False,False,False,False,False,False,False,False,False
2026-06-15 10:07:05,2026-06-16,23950.65,23950.0,90.85,-3.56,0.5206,-2.42,0.00185,-0.54,68371355,1.83,14.214746464681603,109.95,3.73,-0.48357,2.04,0.00138,-0.72,68747120,2.14,19.06859791720052,False,False,False,False,False,False,False,False,False,False,False
2026-06-15 10:08:08,2026-06-16,23942.85,23950.0,88.8,-2.26,0.50615,-2.78,0.00182,-1.62,69963660,2.33,14.538932897801327,112.65,2.46,-0.4943,2.22,0.0014,1.45,70630105,2.74,18.892284682798003,False,False,False,False,False,False,False,False,False,False,False
2026-06-15 10:09:12,2026-06-16,23946.2,23950.0,90.3,1.69,0.51225,1.21,0.00182,0.0,70832645,1.24,14.508820700898486,110.6,-1.82,-0.4896,-0.95,0.0014,0.0,71447480,1.16,18.82990801804001,False,False,False,False,False,False,False,False,False,False,False
2026-06-15 10:10:15,2026-06-16,23946.75,23950.0,89.75,-0.61,0.51324,0.19,0.00184,1.1,71598930,1.08,14.378963449942244,111.2,0.54,-0.48895,-0.13,0.00139,-0.71,72134140,0.96,18.97454453004682,False,False,False,False,False,False,False,False,False,False,False
2026-06-15 10:11:19,2026-06-16,23949.0,23950.0,89.9,0.17,0.51772,0.87,0.00186,1.09,72609615,1.41,14.206681699430634,111.15,-0.04,-0.48578,-0.65,0.00138,-0.72,73059740,1.28,19.1609456470972,False,False,False,False,False,False,False,False,False,False,False
2026-06-15 10:12:22,2026-06-16,23942.8,23950.0,87.7,-2.45,0.50699,-2.07,0.00184,-1.08,73511035,1.24,14.33464833834151,113.5,2.11,-0.49371,1.63,0.00138,0.0,73994180,1.28,19.08797832366349,False,False,False,False,False,False,False,False,False,False,False
2026-06-15 10:13:26,2026-06-16,23937.55,23950.0,85.5,-2.51,0.49465,-2.43,0.00182,-1.09,76221665,3.69,14.534774128193728,113.5,0.0,-0.5033,1.94,0.00143,3.62,75877490,2.55,18.533196715420143,False,False,False,False,False,False,False,False,False,False,False
2026-06-15 10:14:29,2026-06-16,23942.85,23950.0,87.7,2.57,0.50613,2.32,0.00184,1.1,77579775,1.78,14.380630564899292,111.55,-1.72,-0.49433,-1.78,0.00141,-1.4,76858925,1.29,18.73578417361938,False,False,False,False,False,False,False,False,False,False,False
2026-06-15 10:15:33,2026-06-16,23946.75,23950.0,87.4,-0.34,0.51095,0.95,0.00187,1.63,78779155,1.55,14.119126445912295,111.45,-0.09,-0.49078,-0.72,0.0014,-0.71,77892165,1.34,18.93228458600674,False,False,False,False,False,False,False,False,False,False,False
2026-06-15 10:16:36,2026-06-16,23940.1,23950.0,86.4,-1.14,0.50197,-1.76,0.00184,-1.6,79834625,1.34,14.361088081865992,113.05,1.44,-0.49751,1.37,0.00141,0.71,79075555,1.52,18.8083311309505,False,False,False,False,False,False,False,False,False,False,False
2026-06-15 10:17:40,2026-06-16,23938.55,23950.0,85.0,-1.62,0.49698,-0.99,0.00184,0.0,80612285,0.97,14.356617967502189,114.75,1.5,-0.5013,0.76,0.0014,-0.71,79737060,0.84,18.87123599091945,False,False,False,False,False,False,False,False,False,False,False
2026-06-15 10:18:43,2026-06-16,23937.6,23950.0,85.5,0.59,0.4947,-0.46,0.00182,-1.09,81173625,0.7,14.551057935920264,114.05,-0.61,-0.50322,0.38,0.00142,1.43,80154035,0.52,18.65038694511525,False,False,False,False,False,False,False,False,False,False,False
2026-06-15 10:19:47,2026-06-16,23942.3,23950.0,86.6,1.29,0.50222,1.52,0.00184,1.1,81729245,0.68,14.393979143967822,112.95,-0.96,-0.49732,-1.17,0.00141,-0.7,80670395,0.64,18.817218213967653,False,False,False,False,False,False,False,False,False,False,False
2026-06-15 10:20:50,2026-06-16,23940.3,23950.0,87.4,0.92,0.50096,-0.25,0.00182,-1.09,82213300,0.59,14.589699750230723,111.6,-1.2,-0.49836,0.21,0.00143,1.42,81155295,0.6,18.538883526260346,False,False,False,False,False,False,False,False,False,False,False
2026-06-15 10:21:54,2026-06-16,23950.1,23950.0,91.45,4.63,0.51939,3.68,0.00184,1.1,84026085,2.2,14.41451344179899,106.95,-4.17,-0.48404,-2.87,0.00142,-0.7,83055830,2.34,18.59096567774245,False,False,False,False,False,False,False,False,False,False,False
2026-06-15 10:22:57,2026-06-16,23953.4,23950.0,92.05,0.66,0.52572,1.22,0.00186,1.09,85273110,1.48,14.231104934630777,105.95,-0.94,-0.47849,-1.15,0.00141,-0.7,83846620,0.95,18.74946385441293,False,False,False,False,False,False,False,False,False,False,False
2026-06-15 10:24:01,2026-06-16,23949.65,23950.0,90.55,-1.63,0.51914,-1.25,0.00185,-0.54,86192210,1.08,14.28992598632783,107.8,1.75,-0.48441,1.24,0.00141,0.0,84380270,0.64,18.725156752259657,False,False,False,False,False,False,False,False,False,False,False
2026-06-15 10:25:04,2026-06-16,23948.8,23950.0,91.5,1.05,0.51753,-0.31,0.00182,-1.62,86711170,0.6,14.517203083595822,106.8,-0.93,-0.48563,0.25,0.00143,1.42,84791135,0.49,18.48601170620259,False,False,False,False,False,False,False,False,False,False,False
2026-06-15 10:26:08,2026-06-16,23949.25,23950.0,91.05,-0.49,0.51692,-0.12,0.00183,0.55,87815975,1.27,14.476416965882514,107.35,0.51,-0.4859,0.06,0.00143,0.0,85659470,1.02,18.56983959153819,False,False,False,False,False,False,False,False,False,False,False
2026-06-15 10:27:11,2026-06-16,23952.1,23950.0,92.7,1.81,0.52571,1.7,0.00184,0.55,88941645,1.28,14.347055782667873,104.9,-2.28,-0.47917,-1.39,0.00143,0.0,86328515,0.78,18.543875121697088,False,False,False,False,False,False,False,False,False,False,False
2026-06-15 10:28:15,2026-06-16,23951.85,23950.0,93.5,0.86,0.52297,-0.52,0.00181,-1.63,89975665,1.16,14.598538976910293,103.85,-1.0,-0.48081,0.34,0.00145,1.4,87080110,0.87,18.268817195081457,False,False,False,False,False,False,False,False,False,False,False
2026-06-15 10:29:18,2026-06-16,23967.85,23950.0,100.0,6.95,0.55232,5.61,0.00184,1.66,92266980,2.55,14.282471096317076,97.05,-6.55,-0.45836,-4.67,0.00144,-0.69,88519860,1.65,18.3648998548861,False,False,False,True,False,False,False,False,False,True,True
2026-06-15 10:30:22,2026-06-16,23967.55,23950.0,101.2,1.2,0.55217,-0.03,0.00182,-1.09,94829605,2.78,14.465073815048582,96.3,-0.77,-0.45779,-0.12,0.00144,0.0,90009530,1.68,18.262703941624885,False,False,False,False,False,False,False,False,False,False,False
2026-06-15 10:31:26,2026-06-16,23969.65,23950.0,101.55,0.35,0.55735,0.94,0.00184,1.1,96535530,1.8,14.294718494714964,94.95,-1.4,-0.4541,-0.81,0.00145,0.69,91651235,1.82,18.231747665584443,False,False,False,False,False,False,False,False,False,False,False
2026-06-15 10:32:30,2026-06-16,23963.6,23950.0,97.7,-3.79,0.54476,-2.26,0.00185,0.54,98654725,2.2,14.286209094390763,97.35,2.53,-0.46368,2.11,0.00146,0.69,93206620,1.7,18.119166695475204,False,False,False,False,False,False,False,False,False,False,False
2026-06-15 10:33:33,2026-06-16,23970.25,23950.0,100.4,2.76,0.55728,2.3,0.00186,0.54,99574150,0.93,14.142102653338592,95.9,-1.49,-0.45492,-1.89,0.00144,-1.37,94010540,0.86,18.37320658235262,False,False,False,False,False,False,False,False,False,False,False
2026-06-15 10:34:37,2026-06-16,23968.5,23950.0,100.4,0.0,0.55995,0.48,0.00187,0.54,100225515,0.65,14.033067944488318,95.8,-0.1,-0.45337,-0.34,0.00143,-0.69,94466320,0.48,18.45219670325717,False,False,False,False,False,False,False,False,False,False,False
2026-06-15 10:35:41,2026-06-16,23969.85,23950.0,100.85,0.45,0.55808,-0.33,0.00185,-1.07,100963070,0.74,14.179076094447009,95.6,-0.21,-0.45418,0.18,0.00144,0.7,94945175,0.51,18.369625245778096,False,False,False,False,False,False,False,False,False,False,False
2026-06-15 10:36:44,2026-06-16,23970.1,23950.0,100.8,-0.05,0.55832,0.04,0.00186,0.54,102152440,1.18,14.165312201923328,96.3,0.73,-0.45432,0.03,0.00143,-0.69,95415385,0.5,18.49920284899872,False,False,False,False,False,False,False,False,False,False,False
2026-06-15 10:37:48,2026-06-16,23969.15,23950.0,100.8,0.0,0.55458,-0.67,0.00184,-1.08,102623625,0.46,14.32897355175678,96.35,0.05,-0.4565,0.48,0.00144,0.7,95773990,0.38,18.38196134780244,False,False,False,False,False,False,False,False,False,False,False
2026-06-15 10:38:52,2026-06-16,23975.05,24000.0,79.85,-20.78,0.47338,-14.64,0.00182,-1.09,184226315,79.52,14.595513312459724,121.8,26.41,-0.51949,13.8,0.0014,-2.78,101470460,5.95,18.99536648566382,False,False,False,False,True,False,False,False,True,False,True
2026-06-15 10:39:55,2026-06-16,23971.7,23950.0,101.8,27.49,0.56063,18.43,0.00185,1.65,104618800,-43.21,14.218953350795108,95.35,-21.72,-0.45229,-12.94,0.00143,2.14,97211985,-4.2,18.45552977919023,False,False,False,True,False,False,False,False,False,True,True
2026-06-15 10:40:59,2026-06-16,23975.85,24000.0,79.05,-22.35,0.47493,-15.29,0.00184,-0.54,186525625,78.29,14.382599085893435,122.45,28.42,-0.51773,14.47,0.00138,-3.5,102465935,5.4,19.20842268595693,False,False,False,False,True,False,False,False,True,False,True
2026-06-15 10:42:03,2026-06-16,23977.7,24000.0,80.6,1.96,0.47903,0.86,0.00183,-0.54,188877975,1.26,14.474448438253908,120.6,-1.51,-0.51489,-0.55,0.00139,0.72,103370280,0.88,19.089208228920352,False,False,False,False,False,False,False,False,False,False,False
2026-06-15 10:43:07,2026-06-16,23980.5,24000.0,83.2,3.23,0.48317,0.86,0.0018,-1.64,192696595,2.02,14.748583152105851,118.45,-1.78,-0.5122,-0.52,0.00141,1.44,104737165,1.32,18.91033035674062,False,False,False,False,False,False,False,False,False,False,False
2026-06-15 10:44:11,2026-06-16,23978.5,24000.0,83.25,0.06,0.48074,-0.5,0.00179,-0.56,195337545,1.37,14.878068508889204,118.1,-0.3,-0.51444,0.44,0.00142,0.71,105462890,0.69,18.73177009835395,False,False,False,False,False,False,False,False,False,False,False
2026-06-15 10:45:15,2026-06-16,23979.15,24000.0,81.6,-1.98,0.48234,0.33,0.00183,2.23,197795650,1.26,14.509457736812465,120.1,1.69,-0.51234,-0.41,0.00139,-2.11,106253485,0.75,19.1738361154835,False,False,False,False,False,False,False,False,False,False,False
2026-06-15 10:46:19,2026-06-16,23980.65,24000.0,84.85,3.98,0.48469,0.49,0.00178,-2.73,200935020,1.59,14.980699074319684,116.65,-2.87,-0.51145,-0.17,0.00142,2.16,107182270,0.87,18.68259484473123,False,False,False,False,False,False,False,False,False,False,False
2026-06-15 10:47:23,2026-06-16,23987.45,24000.0,89.7,5.72,0.49602,2.34,0.00174,-2.25,205830365,2.44,15.279513896030435,111.3,-4.59,-0.50262,-1.73,0.00145,2.11,109385185,2.06,18.32648598382736,False,False,False,True,False,False,False,False,False,False,True
2026-06-15 10:48:27,2026-06-16,23986.0,24000.0,90.45,0.84,0.49167,-0.88,0.0017,-2.3,210907385,2.47,15.628266188056692,112.15,0.76,-0.50653,0.78,0.00146,0.69,110778525,1.27,18.24931955694516,False,False,False,False,False,False,False,False,False,False,False
2026-06-15 10:49:31,2026-06-16,23988.5,24000.0,91.05,0.66,0.49679,1.04,0.00172,1.18,213769075,1.36,15.480940452596666,111.95,-0.18,-0.50201,-0.89,0.00144,-1.37,111763665,0.89,18.47757192479659,False,False,False,False,False,False,False,False,False,False,False
2026-06-15 10:50:35,2026-06-16,23994.2,24000.0,95.15,4.5,0.50603,1.86,0.00169,-1.74,218384595,2.16,15.718329197641268,109.1,-2.55,-0.49366,-1.66,0.00144,0.0,113380995,1.45,18.48822752172376,False,False,False,False,False,False,False,False,False,False,False
2026-06-15 10:51:39,2026-06-16,24002.55,24000.0,100.6,5.73,0.51935,2.63,0.00167,-1.18,225650035,3.33,15.948544626606276,105.9,-2.93,-0.48278,-2.2,0.00143,-0.69,115785995,2.12,18.57805983516042,False,False,False,True,False,False,False,False,False,False,True
2026-06-15 10:52:43,2026-06-16,24005.0,24000.0,103.85,3.23,0.52512,1.11,0.00164,-1.8,232903385,3.21,16.17885561326973,103.75,-2.03,-0.47709,-1.18,0.00143,0.0,118518270,2.36,18.54042599491564,False,False,False,False,False,False,False,False,False,False,False
2026-06-15 10:53:55,2026-06-16,23999.7,24000.0,101.45,-2.31,0.51687,-1.57,0.00164,0.0,236344875,1.48,16.21820752212913,106.5,2.65,-0.48486,1.63,0.00143,0.0,120384225,1.57,18.57074057284589,False,False,False,False,False,False,False,False,False,False,False
2026-06-15 10:55:03,2026-06-16,23999.0,24000.0,99.2,-2.22,0.51647,-0.08,0.00168,2.44,240188845,1.63,15.880400668132946,107.4,0.85,-0.48606,0.25,0.00143,0.0,122575895,1.82,18.66096357251108,False,False,False,False,False,False,False,False,False,False,False
2026-06-15 10:56:07,2026-06-16,24001.0,24000.0,102.95,3.78,0.51699,0.1,0.00162,-3.57,242606650,1.01,16.4616399546512,106.05,-1.26,-0.48442,-0.34,0.00144,0.7,123617975,0.85,18.528618142713032,False,False,False,False,False,False,False,False,False,False,False
2026-06-15 10:57:11,2026-06-16,24003.35,24000.0,103.9,0.92,0.52272,1.11,0.00163,0.62,244912135,0.95,16.32488415518457,106.8,0.71,-0.4798,-0.95,0.00141,-2.08,124574190,0.77,18.937735102453743,False,False,False,False,False,False,False,False,False,False,False
2026-06-15 10:58:15,2026-06-16,24002.45,24000.0,102.4,-1.44,0.52143,-0.25,0.00165,1.23,246994215,0.85,16.156739207222877,106.8,0.0,-0.47994,0.03,0.00141,0.0,125456110,0.71,18.93421676431175,False,False,False,False,False,False,False,False,False,False,False
2026-06-15 10:59:20,2026-06-16,24007.6,24000.0,104.6,2.15,0.52666,1.0,0.00164,-0.61,248409460,0.57,16.244771386000238,105.35,-1.36,-0.47646,-0.73,0.00141,0.0,126109425,0.52,18.89206580196252,False,False,False,False,False,False,False,False,False,False,False
2026-06-15 11:00:24,2026-06-16,24000.85,24000.0,101.85,-2.63,0.51934,-1.39,0.00165,0.61,249851420,0.58,16.18287286162154,106.5,1.09,-0.4827,1.31,0.00142,0.71,126835215,0.58,18.727417029159977,False,False,False,False,False,False,False,False,False,False,False
2026-06-15 11:01:28,2026-06-16,23990.25,24000.0,97.6,-4.17,0.50482,-2.8,0.00164,-0.61,252601375,1.1,16.230537354068282,110.7,3.94,-0.49524,2.6,0.00143,0.7,129074530,1.77,18.714639109411507,False,False,False,False,False,False,False,False,False,False,False
2026-06-15 11:02:32,2026-06-16,23982.8,24000.0,90.2,-7.58,0.4886,-3.21,0.00169,3.05,256560655,1.57,15.793595958432537,114.25,3.21,-0.5091,2.8,0.00144,0.7,131721135,2.05,18.50586291816857,False,False,False,False,True,False,False,False,False,False,True
2026-06-15 11:03:36,2026-06-16,23972.7,23950.0,108.7,20.51,0.55643,13.88,0.00171,1.18,137438730,-46.43,15.469081107627884,92.4,-19.12,-0.45104,-11.4,0.00147,2.08,122534035,-6.97,18.066442411403948,False,False,False,True,False,False,False,False,False,True,True
2026-06-15 11:04:40,2026-06-16,23981.15,24000.0,91.8,-15.55,0.48641,-12.58,0.00165,-3.51,262869555,91.26,16.198544334841714,111.6,20.78,-0.51187,13.49,0.00149,1.36,137204275,11.97,17.936533884565055,False,False,False,False,True,False,False,False,True,False,True
2026-06-15 11:05:44,2026-06-16,23975.85,24000.0,85.15,-7.24,0.47524,-2.3,0.00171,3.64,265702320,1.08,15.57796296032147,117.75,5.51,-0.51933,1.46,0.00144,-3.36,138776560,1.15,18.49808040640377,False,False,False,False,True,False,False,False,True,False,True
2026-06-15 11:06:48,2026-06-16,23971.7,23950.0,107.0,25.66,0.55667,17.13,0.00174,1.75,140272925,-47.21,15.227020000820444,92.0,-21.87,-0.45135,-13.09,0.00148,2.78,127109190,-8.41,17.985055361294872,False,False,False,True,False,False,False,False,False,True,True
2026-06-15 11:07:53,2026-06-16,23981.9,24000.0,90.55,-15.37,0.48718,-12.48,0.00168,-3.45,269367150,92.03,15.949085878680394,112.9,22.72,-0.51069,13.15,0.00147,-0.68,141935105,11.66,18.223952050829183,False,False,False,False,True,False,False,False,True,False,True
2026-06-15 11:08:57,2026-06-16,23980.75,24000.0,88.35,-2.43,0.48621,-0.2,0.00171,1.79,271784370,0.9,15.612140668652394,114.8,1.68,-0.51157,0.17,0.00145,-1.36,143139100,0.85,18.483386510020853,False,False,False,False,False,False,False,False,False,False,False
2026-06-15 11:10:01,2026-06-16,23978.7,24000.0,89.6,1.41,0.48179,-0.91,0.00166,-2.92,273221780,0.53,16.067431959756355,114.7,-0.09,-0.51553,0.77,0.00147,1.38,143895960,0.53,18.250614978025983,False,False,False,False,False,False,False,False,False,False,False
2026-06-15 11:11:05,2026-06-16,23983.75,24000.0,91.55,2.18,0.48868,1.43,0.00167,0.6,274486940,0.46,16.0613009477166,113.0,-1.48,-0.50939,-1.19,0.00146,-0.68,144551680,0.46,18.32679048273774,False,False,False,False,False,False,False,False,False,False,False
2026-06-15 11:12:10,2026-06-16,23971.75,23950.0,110.7,20.92,0.55219,13.0,0.00166,-0.6,144093820,-47.5,15.99118475893303,90.85,-19.6,-0.45247,-11.17,0.0015,2.74,131519245,-9.02,17.7199017928473,False,False,False,True,False,False,False,False,False,True,True
2026-06-15 11:13:14,2026-06-16,23971.9,23950.0,110.0,-0.63,0.55274,0.1,0.00167,0.6,144547780,0.32,15.867560543990008,91.15,0.33,-0.45247,0.0,0.0015,0.0,132231840,0.54,17.782750879674726,False,False,False,False,False,False,False,False,False,False,False
2026-06-15 11:14:18,2026-06-16,23970.3,23950.0,108.95,-0.95,0.55318,0.08,0.00169,1.2,144964170,0.29,15.6984292118418,91.0,-0.16,-0.4532,0.16,0.0015,0.0,132991950,0.57,17.71554244160734,False,False,False,False,False,False,False,False,False,False,False
2026-06-15 11:15:22,2026-06-16,23966.6,23950.0,109.05,0.09,0.5449,-1.5,0.00165,-2.37,145777190,0.56,16.11621857347835,90.8,-0.22,-0.4581,1.08,0.00153,2.0,134126200,0.85,17.400094597229444,False,False,False,False,False,False,False,False,False,False,False
2026-06-15 11:16:26,2026-06-16,23966.05,23950.0,107.0,-1.88,0.54272,-0.4,0.00168,1.82,146562390,0.54,15.920789830098212,91.8,1.1,-0.46065,0.56,0.00153,0.0,135145725,0.76,17.449183438142462,False,False,False,False,False,False,False,False,False,False,False
2026-06-15 11:17:31,2026-06-16,23963.1,23950.0,105.3,-1.59,0.54073,-0.37,0.00169,0.6,147171180,0.42,15.765791643645208,92.3,0.54,-0.46275,0.46,0.00153,0.0,136155435,0.75,17.428609077599592,False,False,False,False,False,False,False,False,False,False,False
2026-06-15 11:18:35,2026-06-16,23970.45,23950.0,110.3,4.75,0.55215,2.11,0.00167,-1.18,147674540,0.34,15.960661110318451,89.6,-2.93,-0.45212,-2.3,0.00152,-0.65,137112820,0.7,17.525786908069666,False,False,False,False,False,False,False,False,False,False,False
2026-06-15 11:19:39,2026-06-16,23970.3,23950.0,110.55,0.23,0.55338,0.22,0.00167,0.0,148526625,0.58,15.942065671738671,88.95,-0.73,-0.45092,-0.27,0.00152,0.0,137871630,0.55,17.47332818538945,False,False,False,False,False,False,False,False,False,False,False
2026-06-15 11:20:44,2026-06-16,23968.35,23950.0,110.4,-0.14,0.55286,-0.09,0.00167,0.0,149291935,0.52,15.949420782047808,89.6,0.73,-0.4516,0.15,0.00152,0.0,138579740,0.51,17.565021083066355,False,False,False,False,False,False,False,False,False,False,False
2026-06-15 11:21:48,2026-06-16,23968.05,23950.0,109.3,-1.0,0.54816,-0.85,0.00166,-0.6,149721650,0.29,16.019854867269483,91.0,1.56,-0.45577,0.92,0.00152,0.0,139224735,0.47,17.599058463831955,False,False,False,False,False,False,False,False,False,False,False
2026-06-15 11:22:52,2026-06-16,23964.65,23950.0,108.2,-1.01,0.54153,-1.21,0.00165,-0.6,150424690,0.47,16.184797983883406,91.95,1.04,-0.46122,1.2,0.00153,0.66,140311860,0.78,17.472750998343038,False,False,False,False,False,False,False,False,False,False,False
2026-06-15 11:23:56,2026-06-16,23965.6,23950.0,108.7,0.46,0.54337,0.34,0.00165,0.0,150683975,0.17,16.173123223914352,91.4,-0.6,-0.45953,-0.37,0.00153,0.0,140777130,0.33,17.46961224709847,False,False,False,False,False,False,False,False,False,False,False
2026-06-15 11:25:01,2026-06-16,23965.55,23950.0,108.05,-0.6,0.54307,-0.06,0.00166,0.61,150972575,0.19,16.095082108138378,92.0,0.66,-0.46015,0.13,0.00152,-0.65,141278475,0.36,17.552295867609775,False,False,False,False,False,False,False,False,False,False,False
2026-06-15 11:26:05,2026-06-16,23967.8,23950.0,110.65,2.41,0.54788,0.89,0.00164,-1.2,151356205,0.25,16.249757336671976,89.45,-2.77,-0.45493,-1.13,0.00154,1.32,141903645,0.44,17.368171246025543,False,False,False,False,False,False,False,False,False,False,False
2026-06-15 11:27:09,2026-06-16,23972.6,23950.0,110.6,-0.05,0.55754,1.76,0.00169,3.05,151931455,0.38,15.779677227908287,89.3,-0.17,-0.44829,-1.46,0.0015,-2.6,142545195,0.45,17.72742708954691,False,False,False,False,False,False,False,False,False,False,False
2026-06-15 11:28:14,2026-06-16,23976.95,24000.0,90.75,-17.95,0.47979,-13.95,0.00163,-3.55,295733230,94.65,16.455148135582398,111.1,24.41,-0.51863,15.69,0.00153,2.0,158863770,11.45,17.594438507628055,False,False,False,False,True,False,False,False,True,False,True
2026-06-15 11:29:18,2026-06-16,23977.0,24000.0,89.75,-1.1,0.47976,-0.01,0.00165,1.23,299057460,1.12,16.278504167015903,112.55,1.31,-0.51808,-0.11,0.0015,-1.96,160862780,1.26,17.85719466875757,False,False,False,False,False,False,False,False,False,False,False
2026-06-15 11:30:23,2026-06-16,23976.2,24000.0,90.05,0.33,0.47869,-0.22,0.00164,-0.61,300825915,0.59,16.39489490241782,112.7,0.13,-0.51927,0.23,0.00151,0.67,161739175,0.54,17.821084403693767,False,False,False,False,False,False,False,False,False,False,False
2026-06-15 11:31:27,2026-06-16,23975.2,24000.0,88.65,-1.55,0.47348,-1.09,0.00164,0.0,302020680,0.4,16.42057846566484,114.2,1.33,-0.52415,0.94,0.00151,0.0,162521450,0.48,17.796697782323438,False,False,False,False,False,False,False,False,False,False,False
2026-06-15 11:32:32,2026-06-16,23971.3,23950.0,111.7,26.0,0.5517,16.52,0.00164,0.0,156980395,-48.02,16.24199241573464,88.75,-22.29,-0.45158,-13.85,0.00153,1.32,147943575,-8.97,17.45211373433024,False,False,False,True,False,False,False,False,False,True,True
2026-06-15 11:33:36,2026-06-16,23964.65,23950.0,108.5,-2.86,0.53956,-2.2,0.00164,0.0,157596595,0.39,16.370915019945723,91.25,2.82,-0.46237,2.39,0.00155,1.31,148571800,0.42,17.321860248130825,False,False,False,False,False,False,False,False,False,False,False
2026-06-15 11:34:41,2026-06-16,23964.75,23950.0,108.5,0.0,0.54149,0.36,0.00165,0.61,158518230,0.58,16.279149853159666,91.7,0.49,-0.46107,-0.28,0.00153,-1.29,149949280,0.93,17.48515937667249,False,False,False,False,False,False,False,False,False,False,False
2026-06-15 11:35:45,2026-06-16,23965.45,23950.0,106.9,-1.47,0.54355,0.38,0.00168,1.82,158930135,0.26,15.942090115068655,92.45,0.82,-0.4603,-0.17,0.00152,-0.65,150542080,0.4,17.67592678355388,False,False,False,False,False,False,False,False,False,False,False
2026-06-15 11:36:49,2026-06-16,23965.05,23950.0,106.7,-0.19,0.54267,-0.16,0.00168,0.0,159379285,0.28,15.958982399165516,93.1,0.7,-0.46121,0.2,0.00151,-0.66,151357375,0.54,17.75169525431385,False,False,False,False,False,False,False,False,False,False,False
2026-06-15 11:37:54,2026-06-16,23966.6,23950.0,109.4,2.53,0.54493,0.42,0.00165,-1.79,159763565,0.24,16.257165625595757,90.35,-2.95,-0.4578,-0.74,0.00154,1.99,152171890,0.54,17.428519803238277,False,False,False,False,False,False,False,False,False,False,False
2026-06-15 11:38:58,2026-06-16,23966.2,23950.0,107.5,-1.74,0.54403,-0.17,0.00167,1.21,160673500,0.57,16.021484569114996,91.9,1.72,-0.45959,0.39,0.00152,-1.3,153228790,0.69,17.626615691549652,False,False,False,False,False,False,False,False,False,False,False
2026-06-15 11:40:03,2026-06-16,23966.15,23950.0,108.15,0.6,0.54422,0.03,0.00166,-0.6,160925050,0.16,16.113973103426655,91.65,-0.27,-0.45917,-0.09,0.00152,0.0,153699195,0.31,17.60797287526956,False,False,False,False,False,False,False,False,False,False,False
2026-06-15 11:41:07,2026-06-16,23969.6,23950.0,110.45,2.13,0.54889,0.86,0.00165,-0.6,161511870,0.36,16.231498422345897,89.8,-2.02,-0.45441,-1.04,0.00153,0.66,154400090,0.46,17.53048800319376,False,False,False,False,False,False,False,False,False,False,False
2026-06-15 11:42:12,2026-06-16,23967.7,23950.0,108.3,-1.95,0.54681,-0.38,0.00167,1.21,161920980,0.25,16.01871958878137,90.75,1.06,-0.45722,0.62,0.00153,0.0,154835135,0.28,17.556902675982762,False,False,False,False,False,False,False,False,False,False,False
2026-06-15 11:43:16,2026-06-16,23965.7,23950.0,108.3,0.0,0.54508,-0.32,0.00167,0.0,162219525,0.18,16.107371952476875,91.2,0.5,-0.45835,0.25,0.00153,0.0,155282270,0.29,17.583317516534787,False,False,False,False,False,False,False,False,False,False,False
2026-06-15 11:44:21,2026-06-16,23962.15,23950.0,105.65,-2.45,0.53736,-1.42,0.00167,0.0,162601725,0.24,16.08939297298444,93.4,2.41,-0.46625,1.72,0.00153,0.0,155897690,0.4,17.55288957117257,False,False,False,False,False,False,False,False,False,False,False
2026-06-15 11:45:26,2026-06-16,23954.15,23950.0,99.3,-6.01,0.52413,-2.46,0.00171,2.4,164503885,1.17,15.749375288303662,97.0,3.85,-0.47793,2.51,0.00154,0.65,158344030,1.57,17.55928953897266,False,False,False,False,True,False,False,False,False,False,True
2026-06-15 11:46:30,2026-06-16,23953.3,23950.0,102.5,3.22,0.52425,0.02,0.00166,-2.92,165441120,0.57,16.258648436171548,94.05,-3.04,-0.47674,-0.25,0.00158,2.6,160098250,1.11,17.098132400552622,False,False,False,False,False,False,False,False,False,False,False
2026-06-15 11:47:35,2026-06-16,23958.2,23950.0,104.8,2.24,0.53109,1.3,0.00166,0.0,166258755,0.49,16.28225066472472,92.1,-2.07,-0.4702,-1.37,0.00158,0.0,161254730,0.72,17.104896392412602,False,False,False,False,False,False,False,False,False,False,False
2026-06-15 11:48:39,2026-06-16,23956.3,23950.0,102.35,-2.34,0.52488,-1.17,0.00167,0.6,167026340,0.46,16.211498500280566,94.2,2.28,-0.47627,1.29,0.00157,-0.63,162157515,0.56,17.160530237855674,False,False,False,False,False,False,False,False,False,False,False
2026-06-15 11:49:44,2026-06-16,23960.05,23950.0,105.8,3.37,0.53717,2.34,0.00167,0.0,167844495,0.49,16.14360421494879,91.25,-3.13,-0.46494,-2.38,0.00156,-0.64,163203040,0.64,17.247526993432633,False,False,False,False,False,False,False,False,False,False,False
2026-06-15 11:50:48,2026-06-16,23958.75,23950.0,104.1,-1.61,0.53117,-1.12,0.00167,0.0,168409410,0.34,16.181885013622026,93.2,2.14,-0.47057,1.21,0.00156,0.0,163785960,0.36,17.30115061931313,False,False,False,False,False,False,False,False,False,False,False
2026-06-15 11:51:53,2026-06-16,23963.55,23950.0,108.0,3.75,0.53932,1.53,0.00164,-1.8,169103220,0.41,16.38204793255231,90.0,-3.43,-0.46229,-1.76,0.00157,0.64,164396895,0.37,17.16932138705031,False,False,False,False,False,False,False,False,False,False,False
2026-06-15 11:52:58,2026-06-16,23963.2,23950.0,107.1,-0.83,0.53992,0.11,0.00166,1.22,170064310,0.57,16.21920280927842,90.0,0.0,-0.46209,-0.04,0.00157,0.0,165321260,0.56,17.185410381024184,False,False,False,False,False,False,False,False,False,False,False
2026-06-15 11:54:02,2026-06-16,23968.35,23950.0,109.85,2.57,0.54848,1.59,0.00166,0.0,171392520,0.78,16.215032674818843,87.75,-2.5,-0.45407,-1.74,0.00156,-0.64,166702315,0.84,17.208340557091407,False,False,False,False,False,False,False,False,False,False,False
2026-06-15 11:55:07,2026-06-16,23968.2,23950.0,109.9,0.05,0.54683,-0.3,0.00165,-0.6,172024645,0.37,16.30823838131381,87.7,-0.06,-0.45523,0.26,0.00157,0.64,167216075,0.31,17.137851342487263,False,False,False,False,False,False,False,False,False,False,False
2026-06-15 11:56:11,2026-06-16,23967.6,23950.0,109.85,-0.05,0.54609,-0.14,0.00165,0.0,172496220,0.27,16.342022089553563,88.45,0.86,-0.45609,0.19,0.00156,-0.64,167574225,0.21,17.239371047081782,False,False,False,False,False,False,False,False,False,False,False
2026-06-15 11:57:16,2026-06-16,23964.35,23950.0,108.35,-1.37,0.54108,-0.92,0.00165,0.0,173120155,0.36,16.369304451627617,89.0,0.62,-0.4605,0.97,0.00158,1.28,168236510,0.4,17.10243047271778,False,False,False,False,False,False,False,False,False,False,False
2026-06-15 11:58:21,2026-06-16,23957.5,23950.0,102.6,-5.31,0.53035,-1.98,0.00169,2.42,173825275,0.41,16.018318843906474,93.15,4.66,-0.47155,2.4,0.00157,-0.63,168874485,0.38,17.270373445387172,False,False,False,False,True,False,False,False,False,False,True
2026-06-15 11:59:25,2026-06-16,23959.65,23950.0,104.0,1.36,0.53389,0.67,0.00168,-0.59,174688865,0.5,16.06696289421441,92.45,-0.75,-0.46828,-0.69,0.00156,-0.64,169797940,0.55,17.327784239588947,False,False,False,False,False,False,False,False,False,False,False
2026-06-15 12:00:30,2026-06-16,23965.3,23950.0,107.5,3.37,0.54148,1.42,0.00166,-1.19,175194370,0.29,16.233758025450864,89.35,-3.35,-0.46057,-1.65,0.00157,0.64,170442480,0.38,17.179121489120025,False,False,False,False,False,False,False,False,False,False,False
2026-06-15 12:01:35,2026-06-16,23957.25,23950.0,101.5,-5.58,0.53026,-2.07,0.00171,3.01,175848530,0.37,15.86280550265992,94.4,5.65,-0.47216,2.52,0.00155,-1.27,171273700,0.49,17.480914627679738,False,False,False,False,True,False,False,False,True,False,True
2026-06-15 12:02:39,2026-06-16,23957.7,23950.0,102.15,0.64,0.53035,0.02,0.0017,-0.58,176220070,0.21,15.96516532357733,93.9,-0.53,-0.47183,-0.07,0.00156,0.65,171869555,0.35,17.41188547627342,False,False,False,False,False,False,False,False,False,False,False
2026-06-15 12:03:44,2026-06-16,23954.5,23950.0,101.3,-0.83,0.52427,-1.15,0.00168,-1.18,176935265,0.41,16.13564441037458,94.45,0.59,-0.47701,1.1,0.00157,0.64,172871985,0.58,17.230339444366802,False,False,False,False,False,False,False,False,False,False,False
2026-06-15 12:04:48,2026-06-16,23951.3,23950.0,99.4,-1.88,0.52052,-0.72,0.00169,0.6,177577790,0.36,16.02108525375912,96.35,2.01,-0.48075,0.78,0.00156,-0.64,173576975,0.41,17.3711634998922,False,False,False,False,False,False,False,False,False,False,False
2026-06-15 12:05:53,2026-06-16,23942.2,23950.0,94.85,-4.58,0.50602,-2.79,0.0017,0.59,179612875,1.15,15.998293979015555,99.85,3.63,-0.49412,2.78,0.00157,0.64,176130045,1.47,17.261436633754208,False,False,False,False,False,False,False,False,False,False,False
2026-06-15 12:06:58,2026-06-16,23946.55,23950.0,96.85,2.11,0.50996,0.78,0.00168,-1.18,181251850,0.91,16.14082391945168,97.4,-2.45,-0.49036,-0.76,0.00159,1.27,178745125,1.48,17.04469173827457,False,False,False,False,False,False,False,False,False,False,False
2026-06-15 12:08:02,2026-06-16,23941.15,23950.0,93.75,-3.2,0.50059,-1.84,0.00169,0.6,182177255,0.51,16.095106734395724,101.0,3.7,-0.49919,1.8,0.00158,-0.63,179835240,0.61,17.19490229026531,False,False,False,False,False,False,False,False,False,False,False
2026-06-15 12:09:07,2026-06-16,23939.4,23950.0,93.75,0.0,0.49751,-0.62,0.00167,-1.18,182943215,0.42,16.257867922603168,101.3,0.3,-0.50217,0.6,0.00159,0.63,180965460,0.63,17.092162041705834,False,False,False,False,False,False,False,False,False,False,False
2026-06-15 12:10:12,2026-06-16,23931.35,23950.0,90.2,-3.79,0.48752,-2.01,0.00168,0.6,184383095,0.79,16.15253880567775,105.15,3.8,-0.51143,1.84,0.00158,-0.63,182950625,1.1,17.243534636023362,False,False,False,False,False,False,False,False,False,False,False
2026-06-15 12:11:17,2026-06-16,23936.55,23950.0,94.85,5.16,0.49468,1.47,0.00164,-2.38,185943745,0.85,16.608643846696708,100.75,-4.18,-0.50518,-1.22,0.00162,2.53,185374150,1.32,16.851457832930425,False,False,False,True,False,False,False,False,False,False,True
2026-06-15 12:12:21,2026-06-16,23938.45,23950.0,95.85,1.05,0.49916,0.91,0.00165,0.61,186930055,0.53,16.550861850188898,99.45,-1.29,-0.50074,-0.88,0.00161,-0.62,186465500,0.59,16.869866555880126,False,False,False,False,False,False,False,False,False,False,False
2026-06-15 12:13:26,2026-06-16,23937.45,23950.0,93.85,-2.09,0.49635,-0.56,0.00167,1.21,188118190,0.64,16.354047389803018,102.55,3.12,-0.50325,0.5,0.00158,-1.86,187818670,0.73,17.262969997260768,False,False,False,False,False,False,False,False,False,False,False
2026-06-15 12:14:31,2026-06-16,23930.3,23950.0,90.55,-3.52,0.48596,-2.09,0.00167,0.0,189150130,0.55,16.315275752986842,105.5,2.88,-0.51307,1.95,0.00158,0.0,188981780,0.62,17.23290331960449,False,False,False,False,False,False,False,False,False,False,False
2026-06-15 12:15:36,2026-06-16,23928.85,23950.0,90.4,-0.17,0.48187,-0.84,0.00165,-1.2,190105110,0.5,16.510248471386465,106.3,0.76,-0.51731,0.83,0.00159,0.63,190623485,0.87,17.144745365226697,False,False,False,False,False,False,False,False,False,False,False
2026-06-15 12:16:41,2026-06-16,23915.7,23900.0,106.25,17.53,0.54566,13.24,0.0017,3.03,143051545,-24.75,15.939970630401302,89.8,-15.52,-0.45807,-11.45,0.00155,-2.52,215763535,13.19,17.514370723247303,False,False,False,True,False,False,False,False,False,True,True
2026-06-15 12:17:46,2026-06-16,23907.3,23900.0,103.9,-2.21,0.52926,-3.01,0.00166,-2.35,145542800,1.74,16.39186147066382,92.35,2.84,-0.47195,3.03,0.00158,1.94,221247585,2.54,17.221239818671158,False,False,False,False,False,False,False,False,False,False,False
2026-06-15 12:18:51,2026-06-16,23912.75,23900.0,107.25,3.22,0.53676,1.42,0.00164,-1.2,147255615,1.18,16.54232336182592,89.35,-3.25,-0.46428,-1.63,0.00159,0.63,225590430,1.96,17.087875504287926,False,False,False,False,False,False,False,False,False,False,False
2026-06-15 12:19:55,2026-06-16,23907.4,23900.0,103.1,-3.87,0.52936,-1.38,0.00168,2.44,148615220,0.92,16.26862421505588,93.4,4.53,-0.47229,1.73,0.00157,-1.26,228419750,1.25,17.40659129663072,False,False,False,False,False,False,False,False,False,False,False
2026-06-15 12:21:00,2026-06-16,23910.2,23900.0,106.45,3.25,0.53346,0.77,0.00164,-2.38,149912620,0.87,16.5943080265157,90.6,-3.0,-0.4675,-1.01,0.00159,1.27,232034920,1.58,17.155356587496534,False,False,False,False,False,False,False,False,False,False,False
2026-06-15 12:22:05,2026-06-16,23914.05,23900.0,106.8,0.33,0.54183,1.57,0.00167,1.83,151034975,0.75,16.233044772081026,90.0,-0.66,-0.46075,-1.44,0.00156,-1.89,233996100,0.85,17.424363061148494,False,False,False,False,False,False,False,False,False,False,False
2026-06-15 12:23:09,2026-06-16,23915.45,23900.0,106.45,-0.33,0.54464,0.52,0.00169,1.2,151876920,0.56,16.04609993108788,90.2,0.22,-0.45887,-0.41,0.00155,-0.64,235362465,0.58,17.574458745984913,False,False,False,False,False,False,False,False,False,False,False
2026-06-15 12:24:14,2026-06-16,23915.2,23900.0,106.2,-0.23,0.54138,-0.6,0.00168,-0.59,152749480,0.57,16.171946659496772,90.5,0.33,-0.46142,0.56,0.00156,0.65,236649335,0.55,17.49160637754293,False,False,False,False,False,False,False,False,False,False,False
2026-06-15 12:25:19,2026-06-16,23913.15,23900.0,104.8,-1.32,0.53945,-0.36,0.0017,1.19,153236525,0.32,16.056437249149393,91.05,0.61,-0.46343,0.44,0.00156,0.0,237728855,0.46,17.487269797340325,False,False,False,False,False,False,False,False,False,False,False
2026-06-15 12:26:24,2026-06-16,23906.35,23900.0,102.95,-1.77,0.52548,-2.59,0.00166,-2.35,154200995,0.63,16.46785377423156,94.2,3.46,-0.47566,2.64,0.00157,0.64,240401460,1.12,17.395245180629274,False,False,False,False,False,False,False,False,False,False,False
2026-06-15 12:27:29,2026-06-16,23907.55,23900.0,104.2,1.21,0.52856,0.59,0.00165,-0.6,154967735,0.5,16.515735594591476,92.7,-1.59,-0.47254,-0.66,0.00158,0.64,242134295,0.72,17.29635664516753,False,False,False,False,False,False,False,False,False,False,False
2026-06-15 12:28:34,2026-06-16,23903.55,23900.0,100.55,-3.5,0.52294,-1.06,0.00169,2.42,156414050,0.93,16.2177365228463,96.6,4.21,-0.47861,1.28,0.00155,-1.9,244679110,1.05,17.677968969140153,False,False,False,False,False,False,False,False,False,False,False
2026-06-15 12:29:39,2026-06-16,23897.3,23900.0,98.65,-1.89,0.51227,-2.04,0.00166,-1.78,158119650,1.09,16.452728629183884,100.7,4.24,-0.48837,2.04,0.00153,-1.29,249536105,1.99,17.86823520704665,False,False,False,False,False,False,False,False,False,False,False
2026-06-15 12:30:44,2026-06-16,23898.7,23900.0,100.4,1.77,0.51439,0.41,0.00165,-0.6,160006535,1.19,16.63986644199788,98.3,-2.38,-0.48615,-0.45,0.00156,1.96,253882200,1.74,17.57254095040559,False,False,False,False,False,False,False,False,False,False,False
2026-06-15 12:31:49,2026-06-16,23896.15,23900.0,100.0,-0.4,0.51088,-0.68,0.00164,-0.61,161256745,0.78,16.76154626442392,100.45,2.19,-0.4895,0.69,0.00154,-1.28,256066200,0.86,17.77102358492135,False,False,False,False,False,False,False,False,False,False,False
2026-06-15 12:32:53,2026-06-16,23898.4,23900.0,101.5,1.5,0.51527,0.86,0.00163,-0.61,162009835,0.47,16.78637657694385,96.7,-3.73,-0.48509,-0.9,0.00158,2.6,257725845,0.65,17.355797912015625,False,False,False,False,False,False,False,False,False,False,False
2026-06-15 12:33:58,2026-06-16,23897.9,23900.0,100.2,-1.28,0.51354,-0.34,0.00165,1.23,162697340,0.42,16.6648145801835,96.75,0.05,-0.48679,0.35,0.00159,0.63,259165205,0.56,17.276607526068926,False,False,False,False,False,False,False,False,False,False,False
2026-06-15 12:35:03,2026-06-16,23906.8,23900.0,105.65,5.44,0.52682,2.59,0.00162,-1.82,164464495,1.09,16.869816050100827,91.0,-5.94,-0.47197,-3.04,0.00161,1.26,261897610,1.05,17.045607926074045,False,False,False,True,False,False,False,False,False,True,True
2026-06-15 12:36:08,2026-06-16,23916.2,23900.0,109.15,3.31,0.54338,3.14,0.00165,1.85,167491805,1.84,16.57329655463736,87.1,-4.29,-0.4578,-3.0,0.0016,-0.62,265327920,1.31,17.09111251333473,False,False,False,False,False,False,False,False,False,False,False
2026-06-15 12:37:13,2026-06-16,23911.55,23900.0,106.65,-2.29,0.53764,-1.06,0.00166,0.61,169063960,0.94,16.48231873517019,89.85,3.16,-0.46391,1.33,0.00158,-1.25,266905535,0.59,17.284445087941528,False,False,False,False,False,False,False,False,False,False,False
2026-06-15 12:38:18,2026-06-16,23911.25,23900.0,107.6,0.89,0.53603,-0.3,0.00164,-1.2,170019915,0.57,16.716982318790034,88.75,-1.22,-0.46458,0.14,0.0016,1.27,268266050,0.51,17.04209080094271,False,False,False,False,False,False,False,False,False,False,False
2026-06-15 12:39:23,2026-06-16,23908.95,23900.0,103.35,-3.95,0.53041,-1.05,0.00168,2.44,170865760,0.5,16.33706154227464,93.0,4.79,-0.4713,1.45,0.00157,-1.88,269466730,0.45,17.474251092345146,False,False,False,False,False,False,False,False,False,False,False
2026-06-15 12:40:28,2026-06-16,23902.6,23900.0,100.0,-3.24,0.52028,-1.91,0.00168,0.0,172150680,0.75,16.312368221958046,96.9,4.19,-0.48014,1.88,0.00155,-1.27,272088700,0.97,17.70075636845729,False,False,False,False,False,False,False,False,False,False,False
2026-06-15 12:41:33,2026-06-16,23901.05,23900.0,101.15,1.15,0.51903,-0.24,0.00166,-1.19,173051320,0.52,16.57013110259505,96.3,-0.62,-0.48177,0.34,0.00157,1.29,274018680,0.71,17.50587404248913,False,False,False,False,False,False,False,False,False,False,False
2026-06-15 12:42:38,2026-06-16,23900.25,23900.0,103.0,1.83,0.51662,-0.46,0.00162,-2.41,173954300,0.52,17.006996887268272,94.75,-1.61,-0.48255,0.16,0.0016,1.91,275981875,0.72,17.188109046683344,False,False,False,False,False,False,False,False,False,False,False
2026-06-15 12:43:43,2026-06-16,23909.1,23900.0,107.85,4.71,0.53048,2.68,0.00161,-0.62,175328205,0.79,17.067828879981565,88.95,-6.12,-0.46918,-2.77,0.00163,1.87,278275465,0.83,16.851759456877126,False,False,False,False,False,False,False,False,False,True,True
2026-06-15 12:44:48,2026-06-16,23912.65,23900.0,110.4,2.36,0.5372,1.27,0.0016,-0.62,176825350,0.85,17.121784047395522,85.9,-3.43,-0.46191,-1.55,0.00164,0.61,279787755,0.54,16.670257869106266,False,False,False,False,False,False,False,False,False,False,False
2026-06-15 12:45:53,2026-06-16,23912.65,23900.0,110.25,-0.14,0.53733,0.02,0.0016,0.0,178126845,0.74,17.09634581943,86.4,0.58,-0.46202,0.02,0.00163,-0.61,281096465,0.47,16.76533842014448,False,False,False,False,False,False,False,False,False,False,False
2026-06-15 12:46:58,2026-06-16,23908.15,23900.0,105.05,-4.72,0.53006,-1.35,0.00165,3.12,179271495,0.64,16.657770618430675,90.95,5.27,-0.4707,1.88,0.0016,-1.84,282527700,0.51,17.15846235136145,False,False,False,False,False,False,False,False,True,False,True
2026-06-15 12:48:03,2026-06-16,23906.2,23900.0,105.0,-0.05,0.52643,-0.68,0.00163,-1.21,180000405,0.41,16.84202045174047,91.2,0.27,-0.47278,0.44,0.00161,0.63,283811125,0.45,17.0958307751517,False,False,False,False,False,False,False,False,False,False,False
2026-06-15 12:49:08,2026-06-16,23901.35,23900.0,101.6,-3.24,0.51812,-1.58,0.00164,0.61,181225135,0.68,16.724074283753495,95.25,4.44,-0.48236,2.03,0.00159,-1.24,285723880,0.67,17.317866947036396,False,False,False,False,False,False,False,False,False,False,False
2026-06-15 12:50:13,2026-06-16,23897.35,23900.0,100.2,-1.38,0.5119,-1.2,0.00164,0.0,182128180,0.5,16.82117379142973,97.1,1.94,-0.48817,1.2,0.00159,0.0,287436955,0.6,17.336005007014286,False,False,False,False,False,False,False,False,False,False,False
2026-06-15 12:51:18,2026-06-16,23906.85,23900.0,107.1,6.89,0.52714,2.98,0.0016,-2.44,183515085,0.76,17.15791039475804,90.2,-7.11,-0.47256,-3.2,0.00162,1.89,289574870,0.74,16.935544244018853,False,False,False,True,False,False,False,False,False,True,True
2026-06-15 12:52:23,2026-06-16,23901.4,23900.0,101.2,-5.51,0.51703,-1.92,0.00165,3.12,184346565,0.45,16.728503638970444,96.6,7.1,-0.48354,2.32,0.00157,-3.09,291048290,0.51,17.510841972356346,False,False,False,False,True,False,False,False,True,False,True
2026-06-15 12:53:28,2026-06-16,23903.4,23900.0,102.4,1.19,0.52264,1.09,0.00165,0.0,184864420,0.28,16.639731787695805,95.15,-1.5,-0.47831,-1.08,0.00157,0.0,292203860,0.4,17.543281155198244,False,False,False,False,False,False,False,False,False,False,False
2026-06-15 12:54:34,2026-06-16,23904.65,23900.0,104.85,2.39,0.5238,0.22,0.00162,-1.82,185443180,0.31,16.9838570320143,92.45,-2.84,-0.4764,-0.4,0.0016,1.91,293210060,0.34,17.158021804330094,False,False,False,False,False,False,False,False,False,False,False
2026-06-15 12:55:39,2026-06-16,23905.05,23900.0,106.0,1.1,0.52382,0.0,0.0016,-1.23,186038385,0.32,17.17501838698068,90.9,-1.68,-0.47586,-0.11,0.00163,1.87,293971210,0.26,16.90568441079747,False,False,False,False,False,False,False,False,False,False,False
2026-06-15 12:56:44,2026-06-16,23907.05,23900.0,105.65,-0.33,0.52779,0.76,0.00163,1.87,186966715,0.5,16.914095554145042,91.05,0.17,-0.4725,-0.71,0.00161,-1.23,295346870,0.47,17.121488075019197,False,False,False,False,False,False,False,False,False,False,False
2026-06-15 12:57:49,2026-06-16,23908.7,23900.0,107.15,1.42,0.53047,0.51,0.00162,-0.61,187385835,0.22,17.019090763066384,88.85,-2.42,-0.46933,-0.67,0.00163,1.24,295977045,0.21,16.886706530421947,False,False,False,False,False,False,False,False,False,False,False
2026-06-15 12:58:54,2026-06-16,23908.5,23900.0,107.05,-0.09,0.53005,-0.08,0.00162,0.0,187970835,0.31,17.029995067129782,88.85,0.0,-0.46971,0.08,0.00163,0.0,296660650,0.23,16.870653757776047,False,False,False,False,False,False,False,False,False,False,False
2026-06-15 12:59:59,2026-06-16,23908.1,23900.0,103.7,-3.13,0.52996,-0.02,0.00167,3.09,188912360,0.5,16.503212183893893,91.4,2.87,-0.4712,0.32,0.00159,-2.45,297824865,0.39,17.273579871310787,False,False,False,False,False,False,False,False,False,False,False
2026-06-15 13:01:04,2026-06-16,23900.95,23900.0,100.9,-2.7,0.51778,-2.3,0.00165,-1.2,189798765,0.47,16.677225996017636,96.25,5.31,-0.48288,2.48,0.00157,-1.26,299815555,0.67,17.524020471016055,False,False,False,False,False,False,False,False,True,False,True
2026-06-15 13:02:09,2026-06-16,23897.0,23900.0,100.85,-0.05,0.51184,-1.15,0.00163,-1.21,190916570,0.59,16.986711781379064,96.1,-0.16,-0.48826,1.11,0.00161,2.55,302081390,0.76,17.207178959314447,False,False,False,False,False,False,False,False,False,False,False
2026-06-15 13:03:14,2026-06-16,23898.35,23900.0,101.3,0.45,0.51346,0.32,0.00163,0.0,191727445,0.42,16.981117158382716,95.0,-1.14,-0.48661,-0.34,0.00162,0.62,303354545,0.42,17.105218782936923,False,False,False,False,False,False,False,False,False,False,False
2026-06-15 13:04:19,2026-06-16,23897.65,23900.0,102.25,0.94,0.51171,-0.34,0.0016,-1.84,192417485,0.36,17.24058280049337,94.5,-0.53,-0.48815,0.32,0.00163,0.62,304864625,0.5,16.937993417350018,False,False,False,False,False,False,False,False,False,False,False
2026-06-15 13:05:24,2026-06-16,23898.55,23900.0,102.25,0.0,0.51419,0.48,0.00162,1.25,192850515,0.23,17.112083989014074,94.95,0.48,-0.48607,-0.43,0.00161,-1.23,305651710,0.26,17.134918711326787,False,False,False,False,False,False,False,False,False,False,False
2026-06-15 13:06:30,2026-06-16,23897.35,23900.0,102.05,-0.2,0.51221,-0.39,0.00161,-0.62,193472240,0.32,17.18978137050631,95.3,0.37,-0.48776,0.35,0.00162,0.62,306668245,0.33,17.1113897722472,False,False,False,False,False,False,False,False,False,False,False
2026-06-15 13:07:35,2026-06-16,23903.7,23900.0,106.9,4.75,0.52071,1.66,0.00157,-2.48,194715690,0.64,17.544748306849005,89.1,-6.51,-0.47824,-1.95,0.00167,3.09,308731150,0.67,16.49918365146548,False,False,False,False,False,False,False,False,False,True,True
2026-06-15 13:08:40,2026-06-16,23903.75,23900.0,107.05,0.14,0.52159,0.17,0.00158,0.64,195544505,0.43,17.526444282760746,88.1,-1.12,-0.47718,-0.22,0.00169,1.2,309753470,0.33,16.375095866303642,False,False,False,False,False,False,False,False,False,False,False
2026-06-15 13:09:45,2026-06-16,23910.25,23900.0,109.95,2.71,0.53153,1.91,0.00158,0.0,196985945,0.74,17.463652930947866,84.35,-4.26,-0.4664,-2.26,0.0017,0.59,312083980,0.75,16.23958185763837,False,False,False,False,False,False,False,False,False,False,False
2026-06-15 13:10:51,2026-06-16,23927.45,23950.0,97.65,-11.19,0.48044,-9.61,0.00152,-3.8,242144695,22.92,18.18474530459097,90.5,7.29,-0.52562,12.7,0.00191,12.35,245728405,-21.26,14.449869996253886,False,False,False,False,True,False,False,False,True,False,True
2026-06-15 13:11:56,2026-06-16,23932.0,23950.0,98.1,0.46,0.4875,1.47,0.00155,1.97,247052715,2.03,17.860259465672083,94.5,4.42,-0.5149,-2.04,0.00177,-7.33,248136005,0.98,15.589041996278011,False,False,False,False,False,False,False,False,False,False,False
2026-06-15 13:13:01,2026-06-16,23932.5,23950.0,96.0,-2.14,0.4882,0.14,0.00159,2.58,249711150,1.08,17.44100972002172,96.75,2.38,-0.51318,-0.33,0.00172,-2.82,249195505,0.43,16.047122774120446,False,False,False,False,False,False,False,False,False,False,False
2026-06-15 13:14:06,2026-06-16,23921.25,23900.0,115.15,19.95,0.54889,12.43,0.00158,-0.63,213079490,-14.67,17.36977977031104,79.45,-17.88,-0.44808,-12.69,0.00169,-1.74,327036905,31.24,16.267209119648253,False,False,False,True,False,False,False,False,False,True,True
2026-06-15 13:15:11,2026-06-16,23909.95,23900.0,104.65,-9.12,0.53311,-2.87,0.00167,5.7,215541950,1.16,16.560191676366482,89.8,13.03,-0.468,4.45,0.0016,-5.33,330270850,0.99,17.21713316406938,False,False,False,False,True,False,False,False,True,False,True
2026-06-15 13:16:17,2026-06-16,23907.7,23900.0,106.2,1.48,0.52934,-0.71,0.00163,-2.4,217893000,1.09,17.00793431678581,89.75,-0.06,-0.47074,0.59,0.00162,1.25,334014915,1.13,17.061181873848874,False,False,False,False,False,False,False,False,False,False,False
2026-06-15 13:17:22,2026-06-16,23912.3,23900.0,110.3,3.86,0.53626,1.31,0.0016,-1.84,219049480,0.53,17.30155236986578,85.4,-4.85,-0.46255,-1.74,0.00166,2.47,335831730,0.54,16.680375964884366,False,False,False,False,False,False,False,False,False,False,False
2026-06-15 13:18:27,2026-06-16,23912.75,23900.0,107.15,-2.86,0.5374,0.21,0.00165,3.12,220821510,0.81,16.75102535997918,87.45,2.4,-0.46318,0.14,0.00162,-2.41,337857065,0.6,17.047687059054983,False,False,False,False,False,False,False,False,False,False,False
2026-06-15 13:19:33,2026-06-16,23900.15,23900.0,101.95,-4.85,0.51537,-4.1,0.00163,-1.21,223239640,1.1,17.06169728653566,93.7,7.15,-0.48462,4.63,0.00163,0.62,341599895,1.11,17.051210560925487,False,False,False,False,False,False,False,False,True,False,True
2026-06-15 13:20:38,2026-06-16,23901.9,23900.0,103.6,1.62,0.51861,0.63,0.00162,-0.61,224322020,0.48,17.17005454448492,92.85,-0.91,-0.48085,-0.78,0.00162,-0.61,343970575,0.69,17.105344540007177,False,False,False,False,False,False,False,False,False,False,False
2026-06-15 13:21:43,2026-06-16,23901.8,23900.0,104.9,1.25,0.52068,0.4,0.00161,-0.62,225069715,0.33,17.279982359445327,90.75,-2.26,-0.47888,-0.41,0.00165,1.85,345244315,0.37,16.830903932167494,False,False,False,False,False,False,False,False,False,False,False
2026-06-15 13:22:48,2026-06-16,23903.85,23900.0,106.6,1.62,0.52164,0.18,0.00158,-1.86,225956640,0.39,17.514228110838996,88.75,-2.2,-0.47733,-0.32,0.00168,1.82,346793395,0.45,16.54840609768004,False,False,False,False,False,False,False,False,False,False,False
2026-06-15 13:23:54,2026-06-16,23907.95,23900.0,108.6,1.88,0.52799,1.22,0.00158,0.0,227206980,0.55,17.502325495915684,85.35,-3.83,-0.47023,-1.49,0.0017,1.19,348646935,0.53,16.289451991471882,False,False,False,False,False,False,False,False,False,False,False
2026-06-15 13:24:59,2026-06-16,23913.15,23900.0,108.4,-0.18,0.53764,1.83,0.00163,3.16,229162440,0.86,16.964113528452046,85.5,0.18,-0.46196,-1.76,0.00165,-2.94,351300040,0.76,16.7651098270074,False,False,False,False,False,False,False,False,False,False,False
2026-06-15 13:26:04,2026-06-16,23912.75,23900.0,110.1,1.57,0.53786,0.04,0.00161,-1.23,230480315,0.58,17.22516359430981,83.45,-2.4,-0.46055,-0.31,0.00168,1.82,352970865,0.48,16.446239545635702,False,False,False,False,False,False,False,False,False,False,False
2026-06-15 13:27:10,2026-06-16,23912.4,23900.0,108.25,-1.68,0.53416,-0.69,0.00162,0.62,231719540,0.54,17.13169652502317,84.6,1.38,-0.4646,0.88,0.00168,0.0,353968485,0.28,16.457522133559056,False,False,False,False,False,False,False,False,False,False,False
2026-06-15 13:28:15,2026-06-16,23904.0,23900.0,105.2,-2.82,0.52287,-2.11,0.00161,-0.62,232854245,0.49,17.241631838106393,88.0,4.02,-0.47683,2.63,0.00169,0.6,355703595,0.49,16.45963846389388,False,False,False,False,False,False,False,False,False,False,False
2026-06-15 13:29:20,2026-06-16,23905.0,23900.0,105.1,-0.1,0.52408,0.23,0.00162,0.62,233563850,0.3,17.165402672274883,88.65,0.74,-0.47532,-0.32,0.00167,-1.18,357049160,0.38,16.66539071848481,False,False,False,False,False,False,False,False,False,False,False
2026-06-15 13:30:26,2026-06-16,23906.25,23900.0,104.6,-0.48,0.52513,0.2,0.00163,0.62,234072345,0.22,17.032617303208163,88.95,0.34,-0.47453,-0.17,0.00166,-0.6,358098195,0.29,16.768101832339283,False,False,False,False,False,False,False,False,False,False,False
2026-06-15 13:31:31,2026-06-16,23903.7,23900.0,102.85,-1.67,0.5226,-0.48,0.00165,1.23,234663845,0.25,16.88281975818763,92.1,3.54,-0.47772,0.67,0.00162,-2.41,359354970,0.35,17.186916056009633,False,False,False,False,False,False,False,False,False,False,False
2026-06-15 13:32:37,2026-06-16,23902.0,23900.0,102.35,-0.49,0.51939,-0.61,0.00164,-0.61,235663935,0.43,16.974000764009904,91.6,-0.54,-0.48106,0.7,0.00164,1.23,361112635,0.49,16.919020979665493,False,False,False,False,False,False,False,False,False,False,False
2026-06-15 13:33:42,2026-06-16,23906.6,23900.0,105.85,3.42,0.52683,1.43,0.00162,-1.22,236789345,0.48,17.161880186639138,87.85,-4.09,-0.47275,-1.73,0.00167,1.83,362931205,0.5,16.671494449809053,False,False,False,False,False,False,False,False,False,False,False
2026-06-15 13:34:47,2026-06-16,23907.55,23900.0,105.8,-0.05,0.52745,0.12,0.00162,0.0,237630250,0.36,17.126188092996728,87.7,-0.17,-0.47194,-0.17,0.00167,0.0,364126425,0.33,16.69106916722473,False,False,False,False,False,False,False,False,False,False,False
2026-06-15 13:35:53,2026-06-16,23909.4,23900.0,104.25,-1.47,0.53324,1.1,0.00167,3.09,238249050,0.26,16.57992847578875,87.95,0.29,-0.46843,-0.74,0.00164,-1.8,364939055,0.22,16.933410327793148,False,False,False,False,False,False,False,False,False,False,False
2026-06-15 13:36:58,2026-06-16,23910.35,23900.0,106.35,2.01,0.53341,0.03,0.00164,-1.8,238820335,0.24,16.912149291792293,85.95,-2.27,-0.46618,-0.48,0.00167,1.83,366027545,0.3,16.676746256698912,False,False,False,False,False,False,False,False,False,False,False
2026-06-15 13:38:04,2026-06-16,23904.8,23900.0,104.05,-2.16,0.52511,-1.56,0.00164,0.0,239526885,0.3,16.97831566785967,88.8,3.32,-0.47463,1.81,0.00166,-0.6,366947750,0.25,16.76863354743027,False,False,False,False,False,False,False,False,False,False,False
2026-06-15 13:39:09,2026-06-16,23899.6,23900.0,101.0,-2.93,0.51541,-1.85,0.00164,0.0,240353880,0.35,16.987156813765935,92.3,3.94,-0.48452,2.08,0.00165,-0.6,368198480,0.34,16.890797941080685,False,False,False,False,False,False,False,False,False,False,False
2026-06-15 13:40:14,2026-06-16,23901.95,23900.0,102.0,0.99,0.51956,0.81,0.00165,0.61,241856810,0.63,16.94094463379382,90.95,-1.46,-0.48038,-0.85,0.00165,0.0,370339905,0.58,16.869994314024268,False,False,False,False,False,False,False,False,False,False,False
2026-06-15 13:41:20,2026-06-16,23891.65,23900.0,93.8,-8.04,0.50254,-3.28,0.0017,3.03,246022920,1.72,16.4310228787175,97.15,6.82,-0.49741,3.55,0.00164,-0.61,374849085,1.22,17.07875834600072,False,False,False,False,True,False,False,False,True,False,True
2026-06-15 13:42:26,2026-06-16,23897.1,23900.0,99.05,5.6,0.51134,1.75,0.00165,-2.94,248387035,0.96,16.886273074188402,92.5,-4.79,-0.48859,-1.77,0.00167,1.83,377977080,0.83,16.725786511206667,False,False,False,True,False,False,False,False,False,False,True
2026-06-15 13:45:35,2026-06-16,23896.8,23900.0,100.25,1.21,0.50948,-0.36,0.00162,-1.82,253035835,1.87,17.206794471152133,89.95,-2.76,-0.49018,0.33,0.00173,3.59,384141355,1.63,16.20026361467825,False,False,False,False,False,False,False,False,False,False,False
2026-06-15 13:46:42,2026-06-16,23898.8,23900.0,103.2,2.94,0.51527,1.14,0.00161,-0.62,254134660,0.43,17.40209232477555,87.3,-2.95,-0.48378,-1.31,0.00174,0.58,385382010,0.32,16.051207672628937,False,False,False,False,False,False,False,False,False,False,False
2026-06-15 13:47:47,2026-06-16,23901.1,23900.0,100.45,-2.66,0.51905,0.73,0.00167,3.73,255926320,0.71,16.742038420028248,89.1,2.06,-0.48077,-0.62,0.00169,-2.87,387157875,0.46,16.541766949796436,False,False,False,False,False,False,False,False,False,False,False
2026-06-15 13:48:53,2026-06-16,23900.0,23900.0,100.45,0.0,0.51678,-0.44,0.00166,-0.6,256989590,0.42,16.8658835597278,88.6,-0.56,-0.48282,0.43,0.00171,1.18,388358620,0.31,16.3480208886316,False,False,False,False,False,False,False,False,False,False,False
2026-06-15 13:49:58,2026-06-16,23897.2,23900.0,98.05,-2.39,0.51101,-1.12,0.00167,0.6,258761425,0.69,16.765396826913882,91.3,3.05,-0.48889,1.26,0.00169,-1.17,390420550,0.53,16.52817737143249,False,False,False,False,False,False,False,False,False,False,False
2026-06-15 13:51:04,2026-06-16,23894.5,23900.0,96.4,-1.68,0.50684,-0.82,0.00168,0.6,259547730,0.3,16.704308557367504,92.3,1.1,-0.49312,0.87,0.0017,0.59,391448655,0.26,16.49257900801944,False,False,False,False,False,False,False,False,False,False,False
2026-06-15 13:52:10,2026-06-16,23873.2,23850.0,112.35,16.55,0.55269,9.05,0.00164,-2.38,62328305,-75.99,16.957169291469544,77.6,-15.93,-0.44496,-9.77,0.00171,0.59,180332620,-53.93,16.253372830124814,False,False,False,True,False,False,False,False,False,True,True
2026-06-15 13:53:15,2026-06-16,23869.55,23850.0,109.2,-2.8,0.55088,-0.33,0.00168,2.44,63452675,1.8,16.574401473425347,79.35,2.26,-0.44919,0.95,0.0017,-0.58,184784860,2.47,16.38996645935277,False,False,False,False,False,False,False,False,False,False,False
2026-06-15 13:56:46,2026-06-16,23891.1,23900.0,97.2,-10.99,0.50248,-8.79,0.00164,-2.38,274219855,332.16,17.104272621111406,89.2,12.41,-0.49981,11.27,0.00179,5.29,411606975,122.75,15.636780445052572,False,False,False,False,True,False,False,False,True,False,True
2026-06-15 13:57:52,2026-06-16,23906.3,23900.0,106.25,9.31,0.52508,4.5,0.00161,-1.83,279005740,1.75,17.43256740762849,79.25,-11.15,-0.47137,-5.69,0.00184,2.79,416602290,1.21,15.21391956044348,False,False,False,True,False,False,False,False,False,True,True
2026-06-15 13:58:57,2026-06-16,23905.7,23900.0,105.5,-0.71,0.52403,-0.2,0.00161,0.0,282271535,1.17,17.37050245467223,80.3,1.32,-0.47328,0.41,0.00183,-0.54,419743870,0.75,15.324151935955172,False,False,False,False,False,False,False,False,False,False,False
2026-06-15 14:00:03,2026-06-16,23905.1,23900.0,104.15,-1.28,0.52596,0.37,0.00164,1.86,284112270,0.65,17.049493135867483,81.95,2.05,-0.47214,-0.24,0.00178,-2.73,421609825,0.44,15.699057930481802,False,False,False,False,False,False,False,False,False,False,False
2026-06-15 14:01:08,2026-06-16,23909.15,23900.0,105.7,1.49,0.53098,0.95,0.00164,0.0,287709890,1.27,17.044127573350004,79.55,-2.93,-0.46639,-1.22,0.0018,1.12,424181940,0.61,15.532029703425003,False,False,False,False,False,False,False,False,False,False,False
2026-06-15 14:02:14,2026-06-16,23906.1,23900.0,105.6,-0.09,0.52851,-0.47,0.00163,-0.61,289484520,0.62,17.162982022072867,80.0,0.57,-0.46886,0.53,0.00181,0.56,425529845,0.32,15.499904271716064,False,False,False,False,False,False,False,False,False,False,False
2026-06-15 14:03:19,2026-06-16,23903.25,23900.0,103.45,-2.04,0.52017,-1.58,0.00163,0.0,291595200,0.73,17.256555556766045,81.8,2.25,-0.47786,1.92,0.00182,0.55,427997570,0.58,15.399694127753484,False,False,False,False,False,False,False,False,False,False,False
2026-06-15 14:04:25,2026-06-16,23904.5,23900.0,103.4,-0.05,0.52337,0.62,0.00164,0.61,292707935,0.38,17.08260226905084,81.3,-0.61,-0.47494,-0.61,0.00181,-0.55,429386360,0.32,15.45433920614524,False,False,False,False,False,False,False,False,False,False,False
2026-06-15 14:05:31,2026-06-16,23895.35,23900.0,101.05,-2.27,0.50509,-3.49,0.00159,-3.05,294834800,0.73,17.68129246042887,83.75,3.01,-0.49441,4.1,0.00188,3.87,432164265,0.65,14.970904375908296,False,False,False,False,False,False,False,False,False,False,False
2026-06-15 14:06:36,2026-06-16,23889.5,23900.0,96.4,-4.6,0.49897,-1.21,0.00164,3.14,296830300,0.68,17.19794720420164,87.6,4.6,-0.50163,1.46,0.00184,-2.13,434690490,0.58,15.311899345323765,False,False,False,False,False,False,False,False,False,False,False
2026-06-15 14:07:42,2026-06-16,23887.6,23900.0,94.6,-1.87,0.49514,-0.77,0.00165,0.61,298425790,0.54,17.08744294222815,88.6,1.14,-0.50588,0.85,0.00184,0.0,437037835,0.54,15.28798916096233,False,False,False,False,False,False,False,False,False,False,False
2026-06-15 14:08:48,2026-06-16,23891.4,23900.0,95.4,0.85,0.5031,1.61,0.00167,1.21,300470690,0.69,16.80634656642421,86.65,-2.2,-0.49678,-1.8,0.00183,-0.54,439526490,0.57,15.385991836133458,False,False,False,False,False,False,False,False,False,False,False
2026-06-15 14:09:54,2026-06-16,23886.2,23900.0,92.85,-2.67,0.49166,-2.27,0.00166,-0.6,301720380,0.42,16.967767621737522,88.9,2.6,-0.50978,2.62,0.00186,1.64,440983660,0.33,15.16503286495251,False,False,False,False,False,False,False,False,False,False,False
2026-06-15 14:10:59,2026-06-16,23890.95,23900.0,93.25,0.43,0.50086,1.87,0.0017,2.41,302547245,0.27,16.552353775603745,88.15,-0.84,-0.49933,-2.05,0.00181,-2.69,442202085,0.28,15.536275753497844,False,False,False,False,False,False,False,False,False,False,False
2026-06-15 14:12:05,2026-06-16,23897.05,23900.0,96.45,3.43,0.51122,2.07,0.0017,0.0,303761965,0.4,16.57770282812158,85.65,-2.84,-0.48833,-2.2,0.0018,-0.55,443399255,0.27,15.631080602234707,False,False,False,False,False,False,False,False,False,False,False
2026-06-15 14:13:10,2026-06-16,23898.05,23900.0,96.5,0.05,0.51534,0.81,0.00172,1.18,305085170,0.44,16.378286794284346,85.65,0.0,-0.48427,-0.83,0.00178,-1.11,445009500,0.36,15.837550715036322,False,False,False,False,False,False,False,False,False,False,False
2026-06-15 14:14:16,2026-06-16,23889.45,23900.0,91.9,-4.77,0.49867,-3.23,0.00171,-0.58,306389980,0.43,16.43994058447299,91.1,6.36,-0.50121,3.5,0.00176,-1.12,446578080,0.35,15.973610589106968,False,False,False,False,False,False,False,False,True,False,True
2026-06-15 14:15:22,2026-06-16,23893.15,23900.0,95.2,3.59,0.50414,1.1,0.00168,-1.75,307369530,0.32,16.745495540771085,88.0,-3.4,-0.49584,-1.07,0.0018,2.27,447981820,0.31,15.698164859224615,False,False,False,False,False,False,False,False,False,False,False
2026-06-15 14:16:28,2026-06-16,23889.85,23900.0,93.8,-1.47,0.49884,-1.05,0.00168,0.0,308091745,0.23,16.782758529759565,89.4,1.59,-0.50151,1.14,0.0018,0.0,448901115,0.21,15.672135124359968,False,False,False,False,False,False,False,False,False,False,False
2026-06-15 14:17:34,2026-06-16,23891.4,23900.0,95.0,1.28,0.50187,0.61,0.00167,-0.6,308998235,0.29,16.841283459306293,88.2,-1.34,-0.49829,-0.64,0.00181,0.56,450365565,0.33,15.623190142932051,False,False,False,False,False,False,False,False,False,False,False
2026-06-15 14:18:40,2026-06-16,23896.4,23900.0,99.35,4.58,0.50986,1.59,0.00164,-1.8,310384490,0.45,17.18295621738351,83.95,-4.82,-0.4894,-1.78,0.00184,1.66,451878830,0.34,15.298656330521036,False,False,False,False,False,False,False,False,False,False,False
2026-06-15 14:19:45,2026-06-16,23904.8,23900.0,102.6,3.27,0.52473,2.92,0.00166,1.22,312999830,0.84,16.948286476864734,81.55,-2.86,-0.47352,-3.24,0.0018,-2.17,454600250,0.6,15.637118291263,False,False,False,False,False,False,False,False,False,False,False
2026-06-15 14:20:51,2026-06-16,23902.35,23900.0,101.0,-1.56,0.51983,-0.93,0.00166,0.0,314691195,0.54,16.94332017554136,82.55,1.23,-0.48083,1.54,0.00182,1.11,455874185,0.28,15.467240193041732,False,False,False,False,False,False,False,False,False,False,False
2026-06-15 14:21:57,2026-06-16,23902.55,23900.0,100.7,-0.3,0.52936,1.83,0.00172,3.61,316350580,0.53,16.406195829522925,82.45,-0.12,-0.46999,-2.25,0.00176,-3.3,457198365,0.29,15.99840792692451,False,False,False,False,False,False,False,False,False,False,False
2026-06-15 14:23:02,2026-06-16,23900.05,23900.0,97.45,-3.23,0.5179,-2.16,0.00171,-0.58,318238505,0.6,16.452760296976102,84.05,1.94,-0.48145,2.44,0.00179,1.7,458619850,0.31,15.724910784038054,False,False,False,False,False,False,False,False,False,False,False
2026-06-15 14:24:08,2026-06-16,23904.25,23900.0,101.0,3.64,0.52352,1.09,0.00168,-1.75,319840235,0.5,16.765109985795824,81.15,-3.45,-0.47489,-1.36,0.00182,1.68,460570175,0.43,15.51127650505803,False,False,False,False,False,False,False,False,False,False,False
2026-06-15 14:25:13,2026-06-16,23908.6,23900.0,105.55,4.5,0.52931,1.11,0.00164,-2.38,322980190,0.98,17.21938394924847,77.4,-4.62,-0.46726,-1.61,0.00186,2.2,463575255,0.65,15.170976474258492,False,False,False,False,False,False,False,False,False,False,False
2026-06-15 14:26:19,2026-06-16,23910.55,23900.0,103.25,-2.18,0.53378,0.84,0.00169,3.05,325660205,0.83,16.616737116485684,78.7,1.68,-0.46415,-0.67,0.00181,-2.69,465862865,0.49,15.58506960047303,False,False,False,False,False,False,False,False,False,False,False
2026-06-15 14:27:25,2026-06-16,23909.95,23900.0,104.6,1.31,0.53252,-0.24,0.00167,-1.18,326972880,0.4,16.905450654039516,77.5,-1.52,-0.46454,0.08,0.00184,1.66,467040275,0.25,15.334042711649667,False,False,False,False,False,False,False,False,False,False,False
2026-06-15 14:28:31,2026-06-16,23912.25,23900.0,104.25,-0.33,0.53689,0.82,0.00169,1.2,328280290,0.4,16.62936669924364,76.85,-0.84,-0.4605,-0.87,0.00182,-1.09,468238485,0.26,15.41203767087634,False,False,False,False,False,False,False,False,False,False,False
2026-06-15 14:29:37,2026-06-16,23904.1,23900.0,101.7,-2.45,0.52316,-2.56,0.00167,-1.18,330096195,0.55,16.926429631054045,79.8,3.84,-0.47476,3.1,0.00185,1.65,470131285,0.4,15.283555686060582,False,False,False,False,False,False,False,False,False,False,False
2026-06-15 14:30:43,2026-06-16,23910.9,23900.0,105.75,3.98,0.53279,1.84,0.00165,-1.2,331578520,0.45,17.09378486847568,76.55,-4.07,-0.46362,-2.35,0.00185,0.0,471797105,0.35,15.205994248511988,False,False,False,False,False,False,False,False,False,False,False
2026-06-15 14:31:49,2026-06-16,23923.15,23900.0,111.05,5.01,0.5548,4.13,0.00167,1.21,336471070,1.48,16.797864599579757,69.75,-8.88,-0.43925,-5.26,0.00186,0.54,476139105,0.92,15.03142198150047,False,False,False,True,False,False,False,False,False,True,True
2026-06-15 14:32:55,2026-06-16,23925.9,23950.0,88.15,-20.62,0.47727,-13.97,0.00167,0.0,352251575,4.69,16.942622211673516,91.2,30.75,-0.52647,19.86,0.0019,2.15,316334200,-33.56,14.846176265594956,False,False,False,False,True,False,False,False,True,False,True
2026-06-15 14:34:01,2026-06-16,23921.15,23900.0,112.75,27.91,0.55149,15.55,0.00163,-2.4,342612855,-2.74,17.237802499986294,67.85,-25.6,-0.43994,-16.44,0.00192,1.05,481406185,52.18,14.599088525637836,False,False,False,True,False,False,False,False,False,True,True
2026-06-15 14:35:07,2026-06-16,23932.05,23950.0,91.5,-18.85,0.4846,-12.13,0.00164,0.61,356473585,4.05,17.186072349029814,86.9,28.08,-0.51761,17.65,0.00194,1.04,318297330,-33.88,14.544018335485989,False,False,False,False,True,False,False,False,True,False,True
2026-06-15 14:36:12,2026-06-16,23937.0,23950.0,90.45,-1.15,0.49514,2.17,0.00172,4.88,360911850,1.25,16.42564003230756,89.65,3.16,-0.50532,-2.37,0.00182,-6.19,320947055,0.83,15.58275676226308,False,False,False,False,False,False,False,False,False,False,False
2026-06-15 14:37:18,2026-06-16,23933.15,23950.0,88.1,-2.6,0.4863,-1.79,0.00172,0.0,364266500,0.93,16.462607867958702,91.0,1.51,-0.51495,1.91,0.00184,1.1,322583820,0.51,15.359848070993396,False,False,False,False,False,False,False,False,False,False,False
2026-06-15 14:38:24,2026-06-16,23931.35,23950.0,84.3,-4.31,0.48344,-0.59,0.00178,3.49,365857895,0.44,15.899334388605867,94.7,4.07,-0.51655,0.31,0.00178,-3.26,323589175,0.31,15.9080268277731,False,False,True,False,False,False,False,False,False,False,True
2026-06-15 14:39:30,2026-06-16,23937.15,23950.0,87.05,3.26,0.49025,1.41,0.00176,-1.12,367204565,0.37,16.06908289273189,92.85,-1.95,-0.50988,-1.29,0.00178,0.0,324404990,0.25,15.925590066551386,False,False,True,False,False,False,False,False,False,False,True
2026-06-15 14:40:36,2026-06-16,23934.6,23950.0,87.35,0.34,0.48944,-0.17,0.00175,-0.57,368401995,0.33,16.171468890646644,93.55,0.75,-0.5107,0.16,0.00177,-0.56,325126295,0.22,16.009211368481306,False,False,True,False,False,False,False,False,False,False,True
2026-06-15 14:41:42,2026-06-16,23927.35,23950.0,81.75,-6.41,0.47767,-2.4,0.0018,2.86,370629870,0.6,15.721636150654886,97.0,3.69,-0.5218,2.17,0.00176,-0.56,326192880,0.33,16.048754048444273,False,False,True,False,True,False,False,False,False,False,True
2026-06-15 14:42:48,2026-06-16,23918.35,23900.0,102.3,25.14,0.54945,15.03,0.00179,-0.56,361789610,-2.39,15.766981621142063,74.55,-23.14,-0.4499,-13.78,0.00181,2.84,497393455,52.48,15.544500005586526,False,False,False,True,False,False,False,False,False,True,True
2026-06-15 14:43:54,2026-06-16,23926.15,23950.0,82.25,-19.6,0.47325,-13.87,0.00176,-1.68,373896250,3.35,16.05907464141454,96.05,28.84,-0.52759,17.27,0.00181,0.0,328750955,-33.91,15.625625544062045,False,False,True,False,True,False,False,False,True,False,True
2026-06-15 14:45:00,2026-06-16,23923.5,23900.0,106.0,28.88,0.55819,17.95,0.00176,0.0,364438815,-2.53,15.92507734479138,72.75,-24.26,-0.44085,-16.44,0.00179,-1.1,500702215,52.3,15.6459394103861,False,False,False,True,False,False,False,False,False,True,True
2026-06-15 14:46:06,2026-06-16,23921.05,23900.0,104.4,-1.51,0.55357,-0.83,0.00177,0.57,365441895,0.28,15.907532784875809,74.5,2.41,-0.44594,1.15,0.00179,0.0,502169460,0.29,15.75389059720688,False,False,True,False,False,False,False,False,False,False,True
2026-06-15 14:47:12,2026-06-16,23917.35,23900.0,105.2,0.77,0.54726,-1.14,0.00173,-2.26,366519985,0.3,16.343875771931994,72.95,-2.08,-0.44962,0.83,0.00185,3.35,503986860,0.36,15.24557101349412,False,False,True,False,False,False,False,False,False,False,True
2026-06-15 14:48:18,2026-06-16,23919.55,23900.0,106.35,1.09,0.54997,0.5,0.00172,-0.58,367580005,0.29,16.393358230514025,70.75,-3.02,-0.44523,-0.98,0.00187,1.08,505423100,0.28,15.010748913089126,False,False,True,False,False,False,False,False,False,False,True
2026-06-15 14:49:24,2026-06-16,23921.95,23900.0,106.0,-0.33,0.55155,0.29,0.00173,0.58,369987345,0.65,16.266310495867703,71.9,1.63,-0.4453,0.02,0.00185,-1.07,507974870,0.5,15.25420775533856,False,False,True,False,False,False,False,False,False,False,True
2026-06-15 14:50:30,2026-06-16,23922.1,23900.0,104.0,-1.89,0.55649,0.9,0.00179,3.47,371031115,0.28,15.726648975650956,73.55,2.29,-0.44343,-0.42,0.00179,-3.24,509152085,0.23,15.704366338558332,False,False,True,False,False,False,False,False,False,False,True
2026-06-15 14:51:36,2026-06-16,23896.6,23900.0,88.35,-15.05,0.51187,-8.02,0.00186,3.91,378281215,1.95,15.31138154447413,84.9,15.43,-0.48779,10.0,0.00181,1.12,517194925,1.58,15.69026656302442,False,False,True,False,True,False,False,False,True,False,True
2026-06-15 14:52:43,2026-06-16,23903.35,23900.0,92.25,4.41,0.52311,2.2,0.00184,-1.08,380894540,0.69,15.444965400750526,82.8,-2.47,-0.47735,-2.14,0.0018,-0.55,520694590,0.68,15.824082667368671,False,False,True,False,False,False,False,True,False,False,True
2026-06-15 14:53:48,2026-06-16,23901.35,23900.0,92.45,0.22,0.52054,-0.49,0.00182,-1.09,382683275,0.47,15.607398539847017,81.95,-1.03,-0.47941,0.43,0.00183,1.67,522914990,0.43,15.564683591914344,False,False,True,False,False,False,False,True,False,False,True
2026-06-15 14:54:54,2026-06-16,23897.3,23900.0,89.3,-3.41,0.51384,-1.29,0.00185,1.65,383884410,0.31,15.395830088888518,85.2,3.97,-0.48644,1.47,0.0018,-1.64,524685915,0.34,15.826799673901974,False,False,True,False,False,False,False,True,False,False,True
2026-06-15 14:56:00,2026-06-16,23896.6,23900.0,87.5,-2.02,0.51095,-0.56,0.00187,1.08,385391370,0.39,15.225426343018167,86.05,1.0,-0.48933,0.59,0.0018,0.0,526590285,0.36,15.843630161935698,False,False,True,False,False,False,False,True,False,False,True
2026-06-15 14:57:06,2026-06-16,23896.85,23900.0,86.8,-0.8,0.51178,0.16,0.00189,1.07,386994985,0.42,15.068357968397072,86.4,0.41,-0.48911,-0.04,0.00179,-0.56,528671260,0.4,15.923900952680295,False,False,True,False,False,False,False,True,False,False,True
2026-06-15 14:58:13,2026-06-16,23896.3,23900.0,86.35,-0.52,0.51055,-0.24,0.00189,0.0,388325275,0.34,15.052408886143448,87.35,1.1,-0.48989,0.16,0.00177,-1.12,530364510,0.32,16.063464811466893,False,False,True,False,False,False,False,True,False,False,True
2026-06-15 14:59:19,2026-06-16,23893.9,23900.0,83.75,-3.01,0.50838,-0.43,0.00194,2.65,391257100,0.75,14.700967817416466,89.35,2.29,-0.49209,0.45,0.00175,-1.13,533850785,0.66,16.320840195705717,False,False,True,False,False,False,False,True,False,False,True
2026-06-15 15:00:25,2026-06-16,23875.25,23900.0,76.75,-8.36,0.4707,-7.41,0.00187,-3.61,396328725,1.3,15.206063148933834,92.9,3.97,-0.52947,7.6,0.00188,7.43,541170240,1.37,15.130754812361047,False,False,True,False,True,False,False,True,False,False,True
2026-06-15 15:01:31,2026-06-16,23854.55,23850.0,98.4,28.21,0.52485,11.5,0.00173,-7.49,98864675,-75.05,16.466987976221557,73.05,-21.37,-0.47191,-10.87,0.002,6.38,269029280,-50.29,14.281324055917064,False,False,False,True,False,False,False,False,False,True,True
2026-06-15 15:02:38,2026-06-16,23870.95,23850.0,105.85,7.57,0.5531,5.38,0.00174,0.58,101092485,2.25,16.260942328177663,66.75,-8.62,-0.4408,-6.59,0.00195,-2.5,272805195,1.4,14.46620528606262,False,False,False,True,False,False,False,False,False,True,True
2026-06-15 15:03:45,2026-06-16,23869.0,23850.0,108.05,2.08,0.54799,-0.92,0.00168,-3.45,101976485,0.87,16.864151859700627,65.65,-1.65,-0.4434,0.59,0.00201,3.08,275081365,0.83,14.109978090119435,False,False,False,False,False,False,False,False,False,False,False
2026-06-15 15:04:51,2026-06-16,23866.75,23850.0,107.75,-0.28,0.54323,-0.87,0.00167,-0.6,102737635,0.75,17.067250853353187,66.8,1.75,-0.44854,1.16,0.00201,0.0,276730805,0.6,14.116242155177291,False,False,False,False,False,False,False,False,False,False,False
2026-06-15 15:05:58,2026-06-16,23863.2,23850.0,103.55,-3.9,0.53812,-0.94,0.00171,2.4,103780950,1.02,16.660842108317027,70.45,5.46,-0.45483,1.4,0.00195,-2.99,278887765,0.78,14.580857716344612,False,False,False,False,False,False,False,False,True,False,True
2026-06-15 15:07:04,2026-06-16,23849.9,23850.0,91.8,-11.35,0.515,-4.3,0.0018,5.26,105134835,1.3,15.858435096234436,78.3,11.14,-0.48413,6.44,0.00194,-0.51,281801975,1.04,14.73902177110656,False,False,False,False,True,False,False,False,True,False,True
2026-06-15 15:08:10,2026-06-16,23851.5,23850.0,96.9,5.56,0.52077,1.12,0.00174,-3.33,106415465,1.22,16.45144098527986,75.5,-3.58,-0.4796,-0.94,0.00198,2.06,285187695,1.2,14.425292584958058,False,False,False,True,False,False,False,False,False,False,True
2026-06-15 15:09:16,2026-06-16,23850.55,23850.0,97.45,0.57,0.51678,-0.77,0.00171,-1.72,107189615,0.73,16.757157650548304,75.1,-0.53,-0.48095,0.28,0.002,1.01,286780390,0.56,14.292259556888498,False,False,False,False,False,False,False,False,False,False,False
2026-06-15 15:10:22,2026-06-16,23847.45,23850.0,97.1,-0.36,0.5112,-1.08,0.00169,-1.17,108055350,0.81,16.996056309012925,77.05,2.6,-0.48742,1.35,0.00199,-0.5,288949895,0.76,14.36836347637877,False,False,False,False,False,False,False,False,False,False,False
2026-06-15 15:11:29,2026-06-16,23835.85,23850.0,86.05,-11.38,0.4922,-3.72,0.00179,5.92,109487560,1.33,15.991547530210712,86.7,12.52,-0.50844,4.31,0.00189,-5.03,291825105,1.0,15.137632588857825,False,False,False,False,True,False,False,False,True,False,True
2026-06-15 15:12:35,2026-06-16,23822.15,23800.0,110.35,28.24,0.55406,12.57,0.00167,-6.7,111582250,1.91,16.98948338879535,71.65,-17.36,-0.44138,-13.19,0.00182,-3.7,405342340,38.9,15.566503920934958,False,False,False,True,False,False,False,False,False,True,True
2026-06-15 15:13:41,2026-06-16,23828.6,23850.0,84.3,-23.61,0.47966,-13.43,0.00176,5.39,114181990,2.33,16.32240635133465,92.0,28.4,-0.52173,18.2,0.00186,2.2,300258985,-25.92,15.428727845915793,False,False,False,False,True,False,False,False,True,False,True
2026-06-15 15:14:47,2026-06-16,23842.35,23850.0,89.3,5.93,0.50143,4.54,0.00178,1.14,116464140,2.0,16.132525919406298,86.15,-6.36,-0.49866,-4.42,0.00185,-0.54,302896295,0.88,15.5189929151719,False,False,False,True,False,False,False,False,False,True,True
2026-06-15 15:15:54,2026-06-16,23852.95,23850.0,98.4,10.19,0.52179,4.06,0.00172,-3.37,119437825,2.55,16.69057985757752,74.5,-13.52,-0.47541,-4.66,0.00198,7.03,305803680,0.96,14.458222663141996,False,False,False,True,False,False,False,False,False,True,True
2026-06-15 15:17:00,2026-06-16,23861.2,23850.0,104.2,5.89,0.53358,2.26,0.00168,-2.33,121948515,2.1,17.053232242977863,69.8,-6.31,-0.46048,-3.14,0.00201,1.52,308216155,0.79,14.225720702204304,False,False,False,True,False,False,False,False,False,True,True
2026-06-15 15:18:06,2026-06-16,23864.35,23850.0,105.25,1.01,0.53389,0.06,0.00166,-1.19,123743620,1.47,17.21530264446233,65.8,-5.73,-0.45789,-0.56,0.00211,4.98,310798475,0.84,13.533368767416212,False,False,False,False,False,False,False,False,False,True,True
2026-06-15 15:19:12,2026-06-16,23866.1,23850.0,108.1,2.71,0.54211,1.54,0.00166,0.0,124952425,0.98,17.250120105787044,64.6,-1.82,-0.44806,-2.15,0.00207,-1.9,312214825,0.46,13.730642753710107,False,False,False,False,False,False,False,False,False,False,False
2026-06-15 15:20:18,2026-06-16,23863.85,23850.0,106.0,-1.94,0.53777,-0.8,0.00167,0.6,126202050,1.0,17.14430277103677,66.75,3.33,-0.45429,1.39,0.00205,-0.97,313776385,0.5,13.89981582410994,False,False,False,False,False,False,False,False,False,False,False
2026-06-15 15:21:25,2026-06-16,23859.55,23850.0,104.0,-1.89,0.53141,-1.18,0.00167,0.0,127166325,0.76,17.15584341182893,67.1,0.52,-0.46147,1.58,0.0021,2.44,315040505,0.4,13.65133374582032,False,False,False,False,False,False,False,False,False,False,False
2026-06-15 15:22:31,2026-06-16,23859.85,23850.0,101.35,-2.55,0.53285,0.27,0.00172,2.99,128505585,1.05,16.64761642020334,69.25,3.2,-0.45847,-0.65,0.00201,-4.29,317206045,0.69,14.229229610988703,False,False,False,False,False,False,False,False,False,False,False
2026-06-15 15:23:38,2026-06-16,23860.35,23850.0,101.55,0.2,0.53524,0.45,0.00173,0.58,129200760,0.54,16.563550707152093,68.4,-1.23,-0.46264,0.91,0.00206,2.49,318377280,0.37,13.869815957397144,False,False,False,False,False,False,False,False,False,False,False
2026-06-15 15:24:44,2026-06-16,23855.7,23850.0,99.65,-1.87,0.52853,-1.25,0.00173,0.0,129742600,0.42,16.59601406525516,69.3,1.32,-0.46658,0.85,0.00207,0.49,319231380,0.27,13.876806466768588,False,False,False,False,False,False,False,False,False,False,False
2026-06-15 15:25:50,2026-06-16,23847.9,23850.0,92.95,-6.72,0.51205,-3.12,0.00177,2.31,130760825,0.78,16.292896688126557,72.7,4.91,-0.48631,4.23,0.00211,1.93,320507330,0.4,13.668077316926103,False,False,False,False,True,False,False,False,False,False,True
2026-06-15 15:26:56,2026-06-16,23846.6,23850.0,93.25,0.32,0.50923,-0.55,0.00175,-1.13,131585415,0.63,16.49604176949006,73.05,0.48,-0.48954,0.66,0.00212,0.47,322223265,0.54,13.59833032880243,False,False,False,False,False,False,False,False,False,False,False
2026-06-15 15:28:03,2026-06-16,23847.3,23850.0,93.35,0.11,0.51528,1.19,0.00178,1.71,132274740,0.52,16.208966370328092,71.6,-1.98,-0.48249,-1.44,0.00211,-0.47,323551345,0.41,13.634396959973264,False,False,False,False,False,False,False,False,False,False,False
2026-06-15 15:29:09,2026-06-16,23847.7,23850.0,93.2,-0.16,0.51455,-0.14,0.00178,0.0,133111810,0.63,16.224665507360637,70.15,-2.03,-0.48305,0.12,0.00216,2.37,324955410,0.43,13.340432537943506,False,False,False,False,False,False,False,False,False,False,False
2026-06-16 00:00:28,2026-06-16,23853.9,23850.0,92.85,-0.38,0.52764,2.54,0.00185,3.93,133970720,0.65,15.522790947392954,68.0,-3.06,-0.46881,-2.95,0.00212,-1.85,326323725,0.42,13.540233287687157,False,False,False,False,False,False,False,False,False,False,False
2026-06-16 00:01:34,2026-06-16,23853.9,23850.0,92.85,0.0,0.52764,0.0,0.00185,0.0,133970720,0.0,15.522791275803272,68.0,0.0,-0.46881,0.0,0.00212,0.0,326323725,0.0,13.54023352408399,False,False,False,False,False,False,False,False,False,False,False
2026-06-16 00:02:40,2026-06-16,23853.9,23850.0,92.85,0.0,0.52764,0.0,0.00185,0.0,133970720,0.0,15.522791275803272,68.0,0.0,-0.46881,0.0,0.00212,0.0,326323725,0.0,13.54023352408399,False,False,False,False,False,False,False,False,False,False,False
2026-06-16 00:03:47,2026-06-16,23853.9,23850.0,92.85,0.0,0.52764,0.0,0.00185,0.0,133970720,0.0,15.522790947392954,68.0,0.0,-0.46881,0.0,0.00212,0.0,326323725,0.0,13.540233287687157,False,False,False,False,False,False,False,False,False,False,False
2026-06-16 00:04:53,2026-06-16,23853.9,23850.0,92.85,0.0,0.52764,0.0,0.00185,0.0,133970720,0.0,15.522791275803272,68.0,0.0,-0.46881,0.0,0.00212,0.0,326323725,0.0,13.54023352408399,False,False,False,False,False,False,False,False,False,False,False
2026-06-16 00:06:00,2026-06-16,23853.9,23850.0,92.85,0.0,0.52764,0.0,0.00185,0.0,133970720,0.0,15.522791275803272,68.0,0.0,-0.46881,0.0,0.00212,0.0,326323725,0.0,13.54023352408399,False,False,False,False,False,False,False,False,False,False,False
2026-06-16 00:07:06,2026-06-16,23853.9,23850.0,92.85,0.0,0.52764,0.0,0.00185,0.0,133970720,0.0,15.522791275803272,68.0,0.0,-0.46881,0.0,0.00212,0.0,326323725,0.0,13.54023352408399,False,False,False,False,False,False,False,False,False,False,False
2026-06-16 00:08:13,2026-06-16,23853.9,23850.0,92.85,0.0,0.52764,0.0,0.00185,0.0,133970720,0.0,15.522791275803272,68.0,0.0,-0.46881,0.0,0.00212,0.0,326323725,0.0,13.54023352408399,False,False,False,False,False,False,False,False,False,False,False
2026-06-16 00:09:20,2026-06-16,23853.9,23850.0,92.85,0.0,0.52764,0.0,0.00185,0.0,133970720,0.0,15.522790947392954,68.0,0.0,-0.46881,0.0,0.00212,0.0,326323725,0.0,13.540233287687157,False,False,False,False,False,False,False,False,False,False,False
2026-06-16 00:10:28,2026-06-16,23853.9,23850.0,92.85,0.0,0.52764,0.0,0.00185,0.0,133970720,0.0,15.522791275803272,68.0,0.0,-0.46881,0.0,0.00212,0.0,326323725,0.0,13.54023352408399,False,False,False,False,False,False,False,False,False,False,False
2026-06-16 00:11:35,2026-06-16,23853.9,23850.0,92.85,0.0,0.52764,0.0,0.00185,0.0,133970720,0.0,15.522791275803272,68.0,0.0,-0.46881,0.0,0.00212,0.0,326323725,0.0,13.54023352408399,False,False,False,False,False,False,False,False,False,False,False
2026-06-16 00:12:42,2026-06-16,23853.9,23850.0,92.85,0.0,0.52764,0.0,0.00185,0.0,133970720,0.0,15.522790947392954,68.0,0.0,-0.46881,0.0,0.00212,0.0,326323725,0.0,13.540233287687157,False,False,False,False,False,False,False,False,False,False,False
2026-06-16 00:13:49,2026-06-16,23853.9,23850.0,92.85,0.0,0.52764,0.0,0.00185,0.0,133970720,0.0,15.522791275803272,68.0,0.0,-0.46881,0.0,0.00212,0.0,326323725,0.0,13.54023352408399,False,False,False,False,False,False,False,False,False,False,False
2026-06-16 00:14:57,2026-06-16,23853.9,23850.0,92.85,0.0,0.52764,0.0,0.00185,0.0,133970720,0.0,15.522790947392954,68.0,0.0,-0.46881,0.0,0.00212,0.0,326323725,0.0,13.540233287687157,False,False,False,False,False,False,False,False,False,False,False
2026-06-16 00:16:03,2026-06-16,23853.9,23850.0,92.85,0.0,0.52764,0.0,0.00185,0.0,133970720,0.0,15.522790947392954,68.0,0.0,-0.46881,0.0,0.00212,0.0,326323725,0.0,13.540233287687157,False,False,False,False,False,False,False,False,False,False,False
2026-06-16 00:17:10,2026-06-16,23853.9,23850.0,92.85,0.0,0.52764,0.0,0.00185,0.0,133970720,0.0,15.522790947392954,68.0,0.0,-0.46881,0.0,0.00212,0.0,326323725,0.0,13.540233287687157,False,False,False,False,False,False,False,False,False,False,False
2026-06-16 00:18:16,2026-06-16,23853.9,23850.0,92.85,0.0,0.52764,0.0,0.00185,0.0,133970720,0.0,15.522791275803272,68.0,0.0,-0.46881,0.0,0.00212,0.0,326323725,0.0,13.54023352408399,False,False,False,False,False,False,False,False,False,False,False
2026-06-16 00:19:23,2026-06-16,23853.9,23850.0,92.85,0.0,0.52764,0.0,0.00185,0.0,133970720,0.0,15.522791275803272,68.0,0.0,-0.46881,0.0,0.00212,0.0,326323725,0.0,13.54023352408399,False,False,False,False,False,False,False,False,False,False,False
2026-06-16 00:20:29,2026-06-16,23853.9,23850.0,92.85,0.0,0.52764,0.0,0.00185,0.0,133970720,0.0,15.522791275803272,68.0,0.0,-0.46881,0.0,0.00212,0.0,326323725,0.0,13.54023352408399,False,False,False,False,False,False,False,False,False,False,False
2026-06-16 00:21:36,2026-06-16,23853.9,23850.0,92.85,0.0,0.52764,0.0,0.00185,0.0,133970720,0.0,15.522790947392954,68.0,0.0,-0.46881,0.0,0.00212,0.0,326323725,0.0,13.540233287687157,False,False,False,False,False,False,False,False,False,False,False
2026-06-16 00:22:43,2026-06-16,23853.9,23850.0,92.85,0.0,0.52764,0.0,0.00185,0.0,133970720,0.0,15.522790947392954,68.0,0.0,-0.46881,0.0,0.00212,0.0,326323725,0.0,13.540233287687157,False,False,False,False,False,False,False,False,False,False,False
2026-06-16 00:23:50,2026-06-16,23853.9,23850.0,92.85,0.0,0.52764,0.0,0.00185,0.0,133970720,0.0,15.522791275803272,68.0,0.0,-0.46881,0.0,0.00212,0.0,326323725,0.0,13.54023352408399,False,False,False,False,False,False,False,False,False,False,False
2026-06-16 00:24:58,2026-06-16,23853.9,23850.0,92.85,0.0,0.52764,0.0,0.00185,0.0,133970720,0.0,15.522791275803272,68.0,0.0,-0.46881,0.0,0.00212,0.0,326323725,0.0,13.54023352408399,False,False,False,False,False,False,False,False,False,False,False
2026-06-16 00:26:06,2026-06-16,23853.9,23850.0,92.85,0.0,0.52764,0.0,0.00185,0.0,133970720,0.0,15.522791275803272,68.0,0.0,-0.46881,0.0,0.00212,0.0,326323725,0.0,13.54023352408399,False,False,False,False,False,False,False,False,False,False,False
2026-06-16 00:27:13,2026-06-16,23853.9,23850.0,92.85,0.0,0.52764,0.0,0.00185,0.0,133970720,0.0,15.522790947392954,68.0,0.0,-0.46881,0.0,0.00212,0.0,326323725,0.0,13.540233287687157,False,False,False,False,False,False,False,False,False,False,False
2026-06-16 00:28:20,2026-06-16,23853.9,23850.0,92.85,0.0,0.52764,0.0,0.00185,0.0,133970720,0.0,15.522791275803272,68.0,0.0,-0.46881,0.0,0.00212,0.0,326323725,0.0,13.54023352408399,False,False,False,False,False,False,False,False,False,False,False
2026-06-16 00:29:27,2026-06-16,23853.9,23850.0,92.85,0.0,0.52764,0.0,0.00185,0.0,133970720,0.0,15.522791275803272,68.0,0.0,-0.46881,0.0,0.00212,0.0,326323725,0.0,13.54023352408399,False,False,False,False,False,False,False,False,False,False,False
2026-06-16 00:30:36,2026-06-16,23853.9,23850.0,92.85,0.0,0.52764,0.0,0.00185,0.0,133970720,0.0,15.522791275803272,68.0,0.0,-0.46881,0.0,0.00212,0.0,326323725,0.0,13.54023352408399,False,False,False,False,False,False,False,False,False,False,False
2026-06-16 00:31:43,2026-06-16,23853.9,23850.0,92.85,0.0,0.52764,0.0,0.00185,0.0,133970720,0.0,15.522790947392954,68.0,0.0,-0.46881,0.0,0.00212,0.0,326323725,0.0,13.540233287687157,False,False,False,False,False,False,False,False,False,False,False
2026-06-16 00:32:50,2026-06-16,23853.9,23850.0,92.85,0.0,0.52764,0.0,0.00185,0.0,133970720,0.0,15.522791275803272,68.0,0.0,-0.46881,0.0,0.00212,0.0,326323725,0.0,13.54023352408399,False,False,False,False,False,False,False,False,False,False,False
2026-06-16 00:33:57,2026-06-16,23853.9,23850.0,92.85,0.0,0.52764,0.0,0.00185,0.0,133970720,0.0,15.522791275803272,68.0,0.0,-0.46881,0.0,0.00212,0.0,326323725,0.0,13.54023352408399,False,False,False,False,False,False,False,False,False,False,False
2026-06-16 00:35:04,2026-06-16,23853.9,23850.0,92.85,0.0,0.52764,0.0,0.00185,0.0,133970720,0.0,15.522790947392954,68.0,0.0,-0.46881,0.0,0.00212,0.0,326323725,0.0,13.540233287687157,False,False,False,False,False,False,False,False,False,False,False
2026-06-16 00:36:11,2026-06-16,23853.9,23850.0,92.85,0.0,0.52764,0.0,0.00185,0.0,133970720,0.0,15.522791275803272,68.0,0.0,-0.46881,0.0,0.00212,0.0,326323725,0.0,13.54023352408399,False,False,False,False,False,False,False,False,False,False,False
2026-06-16 00:37:17,2026-06-16,23853.9,23850.0,92.85,0.0,0.52764,0.0,0.00185,0.0,133970720,0.0,15.522790947392954,68.0,0.0,-0.46881,0.0,0.00212,0.0,326323725,0.0,13.540233287687157,False,False,False,False,False,False,False,False,False,False,False
2026-06-16 00:38:24,2026-06-16,23853.9,23850.0,92.85,0.0,0.52764,0.0,0.00185,0.0,133970720,0.0,15.522790947392954,68.0,0.0,-0.46881,0.0,0.00212,0.0,326323725,0.0,13.540233287687157,False,False,False,False,False,False,False,False,False,False,False
